1,18comic.vip
2,1filmyfly.top
3,24h.com.vn
4,255md.com
5,3bmeteo.com
6,405kk.com
7,52shuku.net
8,69shuba.com
9,9animetv.to
10,9ffyu1g9c.com
11,aajtak.in
12,absher.sa
13,accuweather.com
14,acesso.gov.br
15,actu.fr
16,ad-contents.jp
17,ad.nl
18,adobe.com
19,afip.gob.ar
20,afribaba.com
21,aftonbladet.se
22,agoda.com
23,ajio.com
24,ak2yy.com
25,alibaba.com
26,aliexpress.com
27,allegro.pl
28,alura.com.br
29,amazon.ca
30,amazon.co.jp
31,amazon.co.uk
32,amazon.com
33,amazon.com.au
34,amazon.com.br
35,amazon.com.mx
36,amazon.de
37,amazon.es
38,amazon.fr
39,amazon.in
40,amazon.it
41,ameba.jp
42,ameblo.jp
43,an1.com
44,ancestry.com
45,animanch.com
46,aniwatchtv.to
47,annunci69.it
48,anses.gob.ar
49,antarvasna3.com
50,anwap.today
51,aol.com
52,apple.com
53,arabtnt.com
54,arabx.cam
55,arbada.com
56,arca.live
57,archive.org
58,archiveofourown.org
59,argos.co.uk
60,as.com
61,asd.pics
62,asurascans.com
63,aternos.org
64,aucey.com
65,autoplius.lt
66,autotrader.co.uk
67,avito.ru
68,avto.net
69,az24.vn
70,aznude.com
71,b7510.com
72,bakecaincontrii.com
73,bakusai.com
74,bancodevenezuela.com
75,bankofamerica.com
76,banvenez.com
77,bbc.co.uk
78,bbc.com
79,bef77.com
80,bet365.com
81,betika.com
82,betking.com
83,betpawa.cm
84,betpawa.co.tz
85,betpawa.ug
86,betway.co.bw
87,betway.co.za
88,bfmtv.com
89,bhojpurisex.site
90,biblegateway.com
91,bikewale.com
92,bild.de
93,bilibili.com
94,bilibili.tv
95,bing.com
96,bingoplus.com
97,bit.ly
98,blacktoon410.com
99,blic.rs
100,blooket.com
101,boardgamearena.com
102,bol.com
103,booking.com
104,bookmyshow.com
105,boursorama.com
106,boyfriendtv.com
107,bpexch.live
108,brave.com
109,bt.dk
110,caixa.gov.br
111,calculator.net
112,caliente.mx
113,canva.com
114,capcut.com
115,cardgames.io
116,cardmarket.com
117,carsensor.net
118,casinoplus.com.ph
119,cdiscount.com
120,championat.com
121,character.ai
122,chatgpt.com
123,chaturbate.com
124,chess.com
125,choiceadvantage.com
126,chordtela.com
127,cityheaven.net
128,clarin.com
129,classlink.com
130,clever.com
131,cloud.microsoft
132,cmoa.jp
133,cnn.com
134,cnnbrasil.com.br
135,conectate.com.do
136,cookpad.com
137,coolmathgames.com
138,corriere.it
139,costco.com
140,coupang.com
141,crazygames.com
142,cricbuzz.com
143,crn77.com
144,croxyproxy.com
145,czbooks.net
146,dafont.com
147,dagbladet.no
148,dailymail.co.uk
149,dailymotion.com
150,dantri.com.vn
151,darkero.com
152,daum.net
153,dcinside.com
154,desitales2.com
155,desitelugusex.com
156,deviantart.com
157,diretta.it
158,discogs.com
159,discord.com
160,disneyplus.com
161,dlsite.com
162,dmm.co.jp
163,docomo.ne.jp
164,dogdrip.net
165,donga.com
166,donmai.us
167,dpboss.boston
168,drom.ru
169,dto.jp
170,duckduckgo.com
171,dzen.ru
172,dzexams.com
173,e-hentai.org
174,e621.net
175,ebay.co.uk
176,ebay.com
177,ebay.de
178,ebay.it
179,eci.gov.in
180,ecnavi.jp
181,ecosia.org
182,eenadu.net
183,ekstrabladet.dk
184,elconfidencial.com
185,elmundo.es
186,elpais.com
187,eltiempo.es
188,emag.ro
189,emaktab.uz
190,epfindia.gov.in
191,eporner.com
192,erome.com
193,eroterest.net
194,escort.club
195,espn.com
196,espncricinfo.com
197,etsy.com
198,ewaybillgst.gov.in
199,examinationservices.nic.in
200,exhentai.org
201,ey43.com
202,fabguys.com
203,fabswingers.com
204,facebook.com
205,fanfiction.net
206,fapello.com
207,faphouse.com
208,faphouse2.com
209,fast.com
210,fastdl.app
211,fatalmodel.com
212,fdown.net
213,fetlife.com
214,ficbook.net
215,fidelity.com
216,filmweb.pl
217,finn.no
218,fiverr.com
219,flashscore.com
220,flashscore.fr
221,flashscore.mobi
222,flipkart.com
223,fmkorea.com
224,focus.de
225,football.com
226,forebet.com
227,foxnews.com
228,fpo.xxx
229,franceinfo.fr
230,freecash.com
231,freepornvideo.sex
232,freesexkahani.com
233,funinstar.com
234,funpay.com
235,fuq.com
236,furaffinity.net
237,futbin.com
238,futbollibretv.su
239,game8.jp
240,gamewith.jp
241,gazzetta.it
242,gcash.com
243,gdz-raketa.ru
244,gdz.ru
245,gelbooru.com
246,genius.com
247,girlschannel.net
248,gismeteo.ru
249,github.com
250,globo.com
251,goal.com
252,goal7.co
253,goodreads.com
254,goodreturns.in
255,google.com
256,google.com.hk
257,goojara.to
258,granbluefantasy.jp
259,gree-apps.net
260,gree-pf.net
261,groww.in
262,gsmarena.com
263,gst.gov.in
264,haberler.com
265,hanime1.me
266,happymh.com
267,hdhub4u.fo
268,hdtube.porn
269,hentai.name
270,hitomi.la
271,hln.be
272,hltv.org
273,hm.com
274,hochi.news
275,hollywoodbets.net
276,homedepot.com
277,hotpepper.jp
278,hotstar.com
279,hotxv.com
280,hubspot.com
281,humoruniv.com
282,hurriyet.com.tr
283,id.me
284,idealista.com
285,idealista.it
286,idnes.cz
287,ijavhd.com
288,ikea.com
289,ilfattoquotidiano.it
290,ilmeteo.it
291,ilovepdf.com
292,iltalehti.fi
293,imagefap.com
294,imdb.com
295,imgsrc.ru
296,imhentai.xxx
297,immobiliare.it
298,indeed.com
299,index.hr
300,indiamart.com
301,indianrail.gov.in
302,indiatimes.com
303,indown.io
304,infobae.com
305,inps.it
306,instagram.com
307,inven.co.kr
308,iplt20.com
309,iporntv.net
310,isaidub.love
311,itmedia.co.jp
312,ixl.com
313,ixxx.com
314,jable.tv
315,jagran.com
316,jalan.net
317,janitorai.com
318,jaya9bangladesh.com
319,jiomart.com
320,joinindianarmy.nic.in
321,joyclub.de
322,jra.go.jp
323,jra.jp
324,jusbrasil.com.br
325,justdial.com
326,jutarnji.hr
327,jw.org
328,kakuyomu.jp
329,keirin.jp
330,kick.com
331,kicker.de
332,kingbokep.tv
333,kinnser.net
334,kkstories.com
335,kleinanzeigen.de
336,kolkataff.tv
337,kompoz2.com
338,kooora.com
339,koselarab.com
340,kumanga.com
341,labs.google
342,ladies.de
343,lanacion.com.ar
344,lausd.net
345,lc.chat
346,leboncoin.fr
347,lectormangaa.com
348,lefigaro.fr
349,lemonde.fr
350,leparisien.fr
351,lequipe.fr
352,leroymerlin.fr
353,letras.mus.br
354,letsporn.com
355,letterboxd.com
356,librus.pl
357,lichess.org
358,linkedin.com
359,linktr.ee
360,lioden.com
361,listcrawler.eu
362,liteapks.com
363,litnet.com
364,livedoor.com
365,livescore.com
366,livescore.cz
367,lk21official.cc
368,lok-lok.cc
369,loteriadehoy.com
370,lotterysambadresult.in
371,lowes.com
372,luxuretv.com
373,mail.ru
374,makemytrip.com
375,mangabuddy.com
376,mangabuff.ru
377,mangafire.to
378,mangago.me
379,manhwaweb.com
380,marca.com
381,markt.de
382,marktplaats.nl
383,mat6tube.com
384,maynoe.com
385,mbga.jp
386,mechacomic.jp
387,mediaexpert.pl
388,mediafire.com
389,meesho.com
390,mercadolibre.com.ar
391,mercadolibre.com.mx
392,mercadolivre.com.br
393,merkur.de
394,microsoft.com
395,mileroticos.com
396,mingky03.net
397,missav.ai
398,missav.live
399,missav.ws
400,missav123.com
401,mit.edu
402,mlb.com
403,mnregaweb4.nic.in
404,mobcup.fm
405,momon-ga.com
406,moneycontrol.com
407,motherless.com
408,moviebox.ph
409,moviesda18.com
410,msn.com
411,mydramalist.com
412,myinstants.com
413,myntra.com
414,myreadingmanga.info
415,n-tv.de
416,namu.wiki
417,naukri.com
418,naver.com
419,navitime.co.jp
420,nbcnews.com
421,ndtv.com
422,nesine.com
423,netflix.com
424,netkeiba.com
425,news.com.au
426,nexusmods.com
427,nfse.gov.br
428,nickfinder.com
429,nih.gov
430,nike.com
431,nikkei.com
432,nintendo.com
433,njavtv.com
434,noodlemagazine.com
435,nosv.org
436,note.com
437,novelbin.com
438,novinky.cz
439,nregastrep.nic.in
440,nu.nl
441,nustargame.com
442,nya2.com
443,nytimes.com
444,nz.ua
445,oddspark.com
446,office.com
447,office365.com
448,ojogodobicho.com
449,ok.ru
450,okxxx1.com
451,olx.com.br
452,olx.pl
453,onet.pl
454,onlar.az
455,onlyfans.com
456,oolveri.com
457,otomoto.pl
458,otto.de
459,ouest-france.fr
460,ozon.ru
461,packzy.com
462,pajak.go.id
463,parivahan.gov.in
464,patreon.com
465,patria.org.ve
466,paypal.com
467,people.com
468,piccoma.com
469,pinterest.com
470,pixabay.com
471,pixiv.net
472,platorelay.com
473,poki.com
474,polybuzz.ai
475,porn300.com
476,pornhat.com
477,pornhat.one
478,pornhub.com
479,pornhub.org
480,porno365.golf
481,porno666.fo
482,pornone.com
483,pornpics.com
484,poste.it
485,ppomppu.co.kr
486,primevideo.com
487,programme-tv.net
488,promiedos.com.ar
489,property24.com
490,protothema.gr
491,proxysite.com
492,ptt.cc
493,publi24.ro
494,pussyboy.net
495,pussyspace.com
496,qorno.com
497,quizlet.com
498,quora.com
499,rajasthan.gov.in
500,rakuten-sec.co.jp
501,rakuten.co.jp
502,rakuten.com
503,rat.xxx
504,reddit.com
505,redfin.com
506,redtube.com
507,redwap.sex
508,remove.bg
509,repubblica.it
510,researchgate.net
511,rightmove.co.uk
512,rkv1.com
513,roblox.com
514,rsch.jp
515,rule34.xxx
516,rule34video.com
517,ruliweb.com
518,russianfood.com
519,ryanair.com
520,s8ey.com
521,sahibinden.com
522,salonboard.com
523,samsung.com
524,sarkariresult.com.cm
525,satta-king-fast.com
526,sattamatkadpboss.mobi
527,sattamatkano1.me
528,scan-manga.com
529,screener.in
530,scribd.com
531,sdpay.co.in
532,search-start.org
533,service.gov.uk
534,serviporno.com
535,sex-studentki.cafe
536,sex-studentki.team
537,sexalarab.com
538,sexemodel.com
539,sexnyk.com
540,sexvid.pro
541,sexvid.xxx
542,seznam.cz
543,shein.com
544,shopee.co.id
545,shopee.com.br
546,shopify.com
547,simontokx.asia
548,simpcity.cr
549,sinoptik.ua
550,site777.jp
551,skelbiu.lt
552,skipthegames.com
553,skokka.com
554,skroutz.gr
555,skysports.com
556,snaptik.app
557,sofascore.com
558,sondakika.com
559,sotwe.com
560,sozcu.com.tr
561,spaggiari.eu
562,spankbang.com
563,spboss.mobi
564,speedtest.net
565,spiegel.de
566,sportybet.com
567,spotify.com
568,ss.com
569,ssstik.io
570,starfall.com
571,staseraintv.com
572,steamcommunity.com
573,steampowered.com
574,stripchat.com
575,subito.it
576,supercell.com
577,superporn.com
578,supjav.com
579,suumo.jp
580,sxyprn.com
581,syosetu.com
582,syosetu.org
583,t-online.de
584,t.me
585,tabelog.com
586,tabletki.ua
587,tabor.ru
588,tagesschau.de
589,tamildhool.tech
590,target.com
591,tbs.co.jp
592,telegram.org
593,temu.com
594,tenki.jp
595,terra.com.br
596,testbook.com
597,theblowers.com
598,theguardian.com
599,thekamababa.com
600,theqoo.net
601,therapservices.net
602,thexh.live
603,thisvid.com
604,threads.com
605,thscore.mobi
606,tiktok.com
607,tjk.org
608,tjsp.jus.br
609,tktube.com
610,tnaflix.com
611,tokyomotion.net
612,toyhou.se
613,tradingview.com
614,travelandtourworld.com
615,trendyol.com
616,trilltrill.jp
617,triunfobet.com
618,turbo.az
619,turkiye.gov.tr
620,twitch.tv
621,twkan.com
622,twpornstars.com
623,txnhh.com
624,typing.com
625,uidai.gov.in
626,ukdevilz.com
627,ultimate-guitar.com
628,unrealities.com
629,uol.com.br
630,ups.com
631,usps.com
632,vdyel.com
633,vg.no
634,vietjack.com
635,vietnam.vn
636,vinted.fr
637,vivo.com
638,vk.com
639,vnexpress.net
640,vymanga.com
641,walmart.com
642,wattpad.com
643,wayground.com
644,weather.com
645,weathernews.jp
646,welt.de
647,whatsapp.com
648,wikipedia.org
649,wise.com
650,wnacg.com
651,wordwall.net
652,wowhead.com
653,wp.pl
654,www.gov.br
655,www.gov.uk
656,x.com
657,xbanxia.cc
658,xhaccess.com
659,xhamster.com
660,xhamster.desi
661,xhamster1.desi
662,xhamster19.com
663,xhamster2.com
664,xhamster45.desi
665,xhname.com
666,xhopen.com
667,xhsocial.com
668,xhspot.com
669,xhtotal.com
670,xn--72c0anj1fqy6jqa7ei.net
671,xnhau.hot
672,xnxx-arabic.com
673,xnxx.com
674,xnxx.es
675,xnxx.health
676,xnxx.tv
677,xnxx2.com
678,xorgasmo.com
679,xoso.com.vn
680,xosodaiphat.com
681,xpaja.net
682,xsmn.mobi
683,xvideos-ar.com
684,xvideos.com
685,xvideos.es
686,xvideos2.com
687,xvideosputaria.com
688,xvv1deos.com
689,xxx18hot.com
690,xxxbp.tv
691,xxxhindi.to
692,xxxpostpic.org
693,ya.ru
694,yahoo.co.jp
695,yahoo.com
696,yako03.com
697,yandex.com
698,yandex.com.tr
699,yandex.kz
700,yasyadong.tv
701,ynet.co.il
702,yomiuri.co.jp
703,youjizz.com
704,youporn.com
705,youtube.com
706,zalando.de
707,zearn.org
708,zebawy.com
709,zedge.net
710,zillow.com
711,zoom.us
712,zozo.jp
713,1mg.com
714,20minutes.fr
715,abc.es
716,abc.net.au
717,aljazeera.com
718,amazon.eg
719,apnews.com
720,avmisohd.com
721,bazos.sk
722,bestbuy.com
723,bet2africa.ml
724,botinok.porn
725,claude.ai
726,cnbc.com
727,cnbcindonesia.com
728,ddizi.im
729,deped.gov.ph
730,desikahani2.net
731,dkitrxmdwoqruvsi.net
732,epicgames.com
733,expressen.se
734,fabxh.site
735,fazenda.gov.br
736,filesdl.top
737,flightradar24.com
738,francebleu.fr
739,futbol24.com
740,grok.com
741,haber7.com
742,hasznaltauto.hu
743,hdhub4u.hn
744,illuminateed.com
745,infoseek.co.jp
746,list.am
747,macys.com
748,magazineluiza.com.br
749,mercari.com
750,mi.com
751,nefisyemektarifleri.com
752,nhentai.net
753,njuskalo.hr
754,oneindia.com
755,paramountplus.com
756,paryajlakay.com
757,pikabu.ru
758,pla3.com
759,playhop.com
760,pmkisan.gov.in
761,polovniautomobili.com
762,pravda.com.ua
763,prom.ua
764,romsfun.com
765,sapphireonline.pk
766,sexybluefilm.com
767,shaalaa.com
768,shortgemoy.com
769,sportradar.com
770,surahquran.com
771,test-uz.ru
772,topgirl.co
773,tsc.go.ke
774,tvn24.pl
775,unian.ua
776,videy.co
777,vidoyx.com
778,wb.gov.in
779,wow.xxx
780,www.gob.mx
781,xgroovy.com
782,youm7.com
783,indiaresults.com
784,pfms.nic.in
785,playtime.ph
786,y2mate.nu
787,5movierulz.army
788,alexisluck.com
789,allyonogamess.com
790,ebai.org
791,ekantipur.com
792,filmyzilla34.com
793,prepaidphonerefund.com
794,rusoska.info
795,sextop1.page
796,topuf123.com
797,xhamster44.desi
798,ydparty.net
799,cewekindonesia1.online
800,sexdep.blog
801,1filmyfly.org
802,5movierulz.codes
803,710k.com
804,moviesda17.com
805,playinmatch.com
806,tmohentai.com
807,vegamovies.actor
808,5movierulz.florist
809,geediting.com
810,mp4moviez.date
811,phimxxx.ai
812,porno365.gold
813,sattamatkadpboss.co
814,vidtronx.com
815,5movierulz.claims
816,veidtr.com
817,winvidplay.com
818,123av.com
819,3hentai.net
820,6opo.com
821,acesso.gov.pt
822,administracionelectronica.gob.es
823,agenciatributaria.gob.es
824,alphapolis.co.jp
825,animesalt.ac
826,arabxn.sex
827,atcpulsa.store
828,av19.to
829,beboo.ru
830,bihar.gov.in
831,bookmark.xxx
832,bpcl.in
833,braiiz.com
834,clickpetroleoegas.com.br
835,crex.com
836,cronista.com
837,espn.com.ve
838,excite.co.jp
839,fawanews.sc
840,fojik.site
841,impots.gouv.fr
842,index.hu
843,indiansexstories3.com
844,ioh.co.id
845,irs.gov
846,jennymovies.com
847,karnataka.gov.in
848,kemenag.go.id
849,kemkes.go.id
850,klikbca.com
851,kohls.com
852,ladepeche.fr
853,leroymerlin.es
854,limo.media
855,live.com
856,livehindustan.com
857,madrasati.sa
858,meb.gov.tr
859,merriam-webster.com
860,meteofor.com.ua
861,mobiledokan.com
862,mp.gov.in
863,nontondrama.my
864,omg10.com
865,pimpbunny.com
866,playinboss.com
867,playinjeet.com
868,playinrace.com
869,pornocarioca.com
870,redbus.in
871,runescape.wiki
872,sat.gob.mx
873,savefrom.net
874,sii.cl
875,ssc.gov.in
876,tori.fi
877,unlockffbeta.com
878,up.gov.in
879,upwork.com
880,vidtrx.com
881,visuy.co
882,vnsextop1.com
883,winbuzz.org
884,xarxx.net
885,yaeby.work
886,yallakora.com
887,glm77.com
888,ptgaming.ph
889,rusoska.biz
890,ticketmaster.com.br
891,xxxvideo.link
892,aparat.com
893,onpe.gob.pe
894,sexlog.com
895,varzesh3.com
896,videyli.co
897,xn--1-wxfc3gwbi.net
898,xn--3-nyf3aak0c.net
899,xn--69-6tia3cb.com
900,karresults.nic.in
901,1filmyfly.fyi
902,1filmyfly.mov
903,5movierulz.capital
904,5movierulz.holiday
905,5movierulz.navy
906,5movierulz.theater
907,bunnyband.com
908,filmyzilla35.com
909,filmyzilla36.com
910,gmpwaqf.com
911,jcphi.com
912,moviesda19.com
913,mp4moviez.ad
914,taya99aa.com
915,vide.la
916,vidgf.com
917,xnhau.fan
918,xnhau.ing
919,xxxvideosind.com
920,ydparty02.net
921,100panel.com
922,104.com.tw
923,123moviesfree.net
924,1337x.to
925,1377x.to
926,15min.lt
927,1688.com
928,16personalities.com
929,1adr.com
930,1go.plus
931,1goplus.com
932,1x1x5.com
933,20min.ch
934,20minutos.es
935,21vek.by
936,24.hu
937,247sports.com
938,24chasa.bg
939,24sata.hr
940,24ur.com
941,24videos.space
942,24xxx.men
943,24xxxx.win
944,2ch2.net
945,2dehands.be
946,365scores.com
947,3rabxn.com
948,3xyaoi.com
949,4chan.org
950,4kwallpapers.com
951,4pda.to
952,51cg1.com
953,550909.com
954,5ch.io
955,5play.org
956,61yes.com
957,66lottery.vip
958,678bd44.com
959,7-11.com.tw
960,734map.net
961,747ph.live
962,79king1.com
963,7mmtv.sx
964,8888.bg
965,8888.porn
966,888scoreonline.net
967,91mobiles.com
968,91porn.com
969,91porna.com
970,91porny.com
971,99acres.com
972,a-yz.com
973,aa.com
974,aaapay1.com
975,aade.gr
976,aagag.com
977,aagmaal.party
978,abdelmaaboud.com
979,abhibus.com
980,abola.pt
981,abozeb.com
982,abplive.com
983,abril.com.br
984,absoluporn.com
985,abxxx.com
986,academia.edu
987,academy.com
988,acadeu.com
989,acehardware.com
990,action.com
991,adam4adam.com
992,adamieva.info
993,adcam.org
994,adevarul.ro
995,adjarabet.am
996,adme.media
997,admhmao.ru
998,administracionespublicas.gob.es
999,adminml.com
1000,admissions.nic.in
1007,aeolservice.es
1010,afun.mx
1019,aktuality.sk
1028,aliexpress.us
1036,allhen.online
1043,allyononewgame.com
1044,allyonostore.com
1054,amazon.com.tr
1059,amazon.se
1091,apkmirror.com
1097,apornvideo.com
1107,arabxn.com
1118,argenprop.com
1129,astro.com
1133,athletic.net
1153,avdbs.com
1154,avidreaders.ru
1159,azbyka.ru
1167,badoo.com
1189,beastiality.tv
1201,besthindiporn.com
1208,bet88.ph
1225,betting.co.zw
1229,bharatjobresult.com
1232,bible.com
1242,binance.com
1252,blikk.hu
1283,br.de
1318,cam4.com
1320,cameraprive.com
1321,camsoda.com
1334,careers360.com
1340,carrefour.fr
1345,carwale.com
1360,celebforum.to
1388,cifraclub.com.br
1401,clave.gob.es
1407,cloudcrs.xyz
1410,cnn.gr
1411,cnnindonesia.com
1421,colaboraread.com.br
1424,colliderporn.com
1435,confirmtkt.com
1442,correios.com.br
1445,cosmopolitan.com
1453,credit-agricole.fr
1471,currys.co.uk
1473,cv666.net
1475,cwa.gov.tw
1476,d-deltanet.com
1489,dayforcehcm.com
1509,delta.com
1515,desmos.com
1521,dfbocai.net
1526,di.gov.eg
1535,dienmayxanh.com
1547,djatoya.com
1589,dropmms.com
1591,dunelm.com
1602,eb.mil.br
1607,ebharatgas.com
1627,eiga.com
1635,elcorteingles.es
1646,elitebabes.com
1652,em.com.br
1654,emojicombos.com
1660,enjoei.com.br
1673,escortbabylon.net
1686,estadao.com.br
1712,fakt.pl
1716,famikura-store.jp
1723,fanmtl.com
1728,fap-guru.pro
1746,fhaccess.com
1751,filmaffinity.com
1754,filmstarts.de
1758,finviz.com
1772,flashscore.pl
1804,free.fr
1822,fullhindibfvideo.com
1823,fullhindisex.com
1824,funda.nl
1829,futbol-11.com
1833,gala.de
1842,gamma.app
1846,garotacomlocal.com
1854,gazzetta.gr
1879,gismeteo.by
1888,go.com
1889,gobid.co.za
1894,goias.gov.br
1917,grofer.io
1920,gta5-mods.com
1932,hani.co.kr
1937,havadurumu15gunluk.xyz
1950,hentaiforce.net
1959,hentaiz.bot
1961,hepsiburada.com
1965,heylink.me
1978,homecenter.com.co
1987,hot-sex-tube.com
1994,hpcl.co.in
1999,huawei.com
2021,idokep.hu
2036,ilpost.it
2041,immoweb.be
2050,indi-1xbet.com
2053,indiandefencereview.com
2071,interbet.co.za
2085,is.fi
2105,jang.com.pk
2114,javhdporn.net
2122,javxxx.me
2123,jcb.co.jp
2125,jdwel.com
2128,jet2holidays.com
2130,jeuxvideo.com
2134,jio.com
2138,jmty.jp
2140,jobcan.jp
2144,jonitogel90.com
2147,joporn.name
2161,juntadeandalucia.es
2164,justwatch.com
2167,kabutan.jp
2170,kakaku.com
2189,kemdiktisaintek.go.id
2194,keralalotteries.net
2201,khelo24bet88.com
2211,kinogo.ec
2214,kiosgamer.co.id
2226,komiku.asia
2230,krisha.kz
2233,ktrmr.com
2234,kundelik.kz
2236,kupi.cz
2246,kwai.com
2270,lazada.co.id
2291,leroymerlin.it
2292,leroymerlin.pl
2294,lesechos.fr
2308,lidl.it
2313,line.me
2316,linkvertise.com
2318,liputan6.com
2321,litboom.ru
2331,livepriceofgold.com
2342,login.gov
2344,lokmat.com
2376,makerworld.com
2390,mango.com
2396,manhwaread.com
2403,marketwatch.com
2404,marksandspencer.com
2420,maybank2u.com.my
2425,mcw-casino.games
2443,mercadolibre.com.co
2477,millipiyangoonline.com
2480,minecraft.net
2481,minecraftskins.com
2490,mirror.co.uk
2495,mixnews.lv
2497,mkvmoviespoint.frl
2513,moewalls.com
2520,monash.edu
2525,monsnode.com
2528,movacal.net
2529,movieffm.net
2531,moviespage.xyz
2536,mudah.my
2546,my-personaltrainer.it
2585,ncore.pro
2589,neal.fun
2592,nelomanga.net
2605,news24.com
2613,nfl.com
2626,nikkei225jp.com
2634,nomura.co.jp
2639,notebooklm.google
2645,nova.rs
2647,novavexis.com
2648,novel543.com
2655,npci.org.in
2670,nwu.ac.za
2675,nysc.org.ng
2680,obi.de
2681,obilet.com
2685,oceanofpdf.com
2698,olhardigital.com.br
2714,onlinesbi.sbi
2730,orizzontescuola.it
2744,pagina12.com.ar
2747,pakonlinepayment.com
2748,palcloset.jp
2754,parade.com
2772,perfectgirls.xxx
2776,pexels.com
2777,pgsgames.games
2791,planetwin365.it
2797,playmods.net
2825,porno666.nl
2828,pornoborshch.com
2833,pornolandia.xxx
2859,president.jp
2870,prokerala.com
2875,prtimes.jp
2877,psiphon.ca
2881,pw.live
2887,questionablequesting.com
2890,qvc.jp
2892,r7.com
2895,radios.com.br
2900,raiplay.it
2912,realme.com
2925,reklama5.mk
2941,ria.ru
2959,ros.ie
2965,royalcaribbean.com
2977,rtvslo.si
2983,rusporn.vip
2984,rustore.ru
2989,rxnvg.com
2990,rynekzdrowia.pl
3025,scrabblewordfinder.org
3038,sejda.com
3042,seloger.com
3046,sepe.gob.es
3061,sexiveo.com
3069,sfile.co
3074,shazam.com
3086,shopee.co.th
3089,shopee.tw
3092,shopsy.in
3104,sisal.it
3144,soinluck.com
3145,sokmil.com
3147,solopornoitaliani.xxx
3154,spanishdict.com
3166,sport.es
3168,sport.ro
3171,sport24.gr
3185,sri.gob.ec
3201,steamrip.com
3224,sudoku.com
3237,survey-z.com
3241,swagbucks.com
3267,tcgplayer.com
3268,tdgall.com
3287,tf1info.fr
3288,tff.org
3297,thehentai.net
3307,thesimsresource.com
3331,tiktokio.net
3341,tn.com.ar
3345,todorelatos.com
3362,totalcasino.pl
3370,tradingeconomics.com
3386,truecaller.com
3415,turboscribe.ai
3418,turnitin.com
3427,tvanouvelles.ca
3435,twword.com
3442,uafix.net
3443,uakino.best
3445,uber.com
3472,uzporno.site
3486,very.co.uk
3493,videy-stream.online
3497,vidmate-official.com
3504,vinted.es
3505,vinted.it
3507,violity.com
3523,walgreens.com
3530,warau.jp
3533,washingtonpost.com
3537,wayfair.com
3547,webpt.com
3548,webstaurantstore.com
3565,win2day.at
3574,wonporn.com
3580,work24.go.kr
3585,wsj.com
3589,www.gov.pl
3592,wyborcza.pl
3595,xahani.com
3608,xhamsterlive.com
3609,xhchannel.com
3616,xit.az
3622,xn--72caa3cygoc0d9c.com
3635,xvideo.vlog.br
3647,xxxshame.com
3648,xxxza.com
3663,yenicaggazetesi.com
3665,yesporn.vip
3678,yuvideos.com
3684,zalando.nl
3696,zellbury.com
3698,zepto.com
3705,znews.vn
3706,zonaprop.com.ar
3719,abczdrowie.pl
3725,akinator.com
3726,alaskaair.com
3750,cbseit.in
3781,emirates.com
3786,f8beta2.com
3804,gem.gov.in
3848,kitco.com
3852,leagueofgraphs.com
3869,meta10s.com
3871,mhlw.go.jp
3878,mmsgram.com
3882,muji.com
3886,myfin.by
3901,outbidplacardshowman.com
3926,qvc.de
3928,rambler.ru
3939,schoolsoft.se
3940,science-et-vie.com
3951,sportnieuws.nl
3974,tim.it
3978,tribunnews.com
3980,tvazteca.com
4007,wikidex.net
4021,ytmp3.sc
4034,dorahoki.top
4045,icc-cricket.com
4074,rskmp.in
4091,www-y2mate.com
4112,5movierulz.gratis
4115,biharboard.com.in
4116,choice-flow.org
4117,clipsexsub3x.net
4120,emon77kiw.org
4123,manhwazone.to
4131,sexindvideo.com
4139,1tamilmv.immo
4140,7dak26rixyz.com
4144,g2nft.com
4151,zonatmo.com
4156,alexiswiko.com
4165,direkturakomodasi.com
4181,mawartotogras.com
4186,movies4u.tl
4229,444.hu
4242,allegro.hu
4250,artfight.net
4258,baseball-reference.com
4259,bassthalk.com
4263,bpexch.com
4264,bridalgown.work
4267,bulbagarden.net
4270,calciomercato.com
4290,cryptoinsights.site
4296,detik.com
4336,horsereality.com
4347,inep.gov.br
4389,meutimao.com.br
4405,nissen.co.jp
4433,quickutils.net
4442,ripley.com.pe
4444,rokomari.com
4451,rusvideos.art
4457,sheinindia.in
4458,showcamrips.com
4468,sto55.com
4471,sushida.net
4476,tevas.dev
4484,tse.jus.br
4493,vegoutmag.com
4502,workman.jp
4503,www.gov.gr
4506,xn--72czkglt0g3b1dydua1h.com
4511,1ex99.in
4528,bongdalu638.com
4546,indianbet77.live
4567,sex-studentki.sale
4572,ticketmaster.co
4583,yagong89.com
4586,021.rs
4589,1000.menu
4594,1668manga.com
4596,192-168-1-1ip.mobi
4599,1ato.com
4609,22onlinegames.com
4612,299bet.com
4614,2ememain.be
4627,573.jp
4631,6dngine.com
4645,82cook.com
4653,9mod.com
4658,a8nsdj.com
4674,account.gov.uk
4681,adison.co
4682,adjarabet.com
4684,adorocinema.com
4697,afl.com.au
4698,aflamsex69.com
4728,allegrolokalnie.pl
4729,alloschool.com
4734,alphalink.ink
4751,androidadult.com
4753,androidoyun.club
4771,anwb.nl
4778,apotea.se
4789,arba.gov.ar
4793,armyinform.com.ua
4805,asoview.com
4812,atrungroi.com
4815,audio.com
4825,autotrader.com
4827,autoweek.nl
4831,availity.com
4842,avple.tv
4847,azarlatino.com.py
4849,azgames.io
4854,baamboozle.com
4873,banglabet77.com
4879,basketball-reference.com
4887,bcra.gob.ar
4900,belta.by
4909,betano.pt
4911,betlive.com
4913,beton.ua
4920,bhimagold.com
4921,biccamera.com
4924,biedronka.pl
4930,billboard.com
4938,bitbucket.org
4946,bloombergtechnoz.com
4947,bluelive77.com
4955,boafoda.com
4979,boots.com
4982,boun.edu.tr
4987,bouyguestelecom.fr
4994,boylove.cc
4996,bradesconetempresa.b.br
4998,brantsteele.com
5001,breitbart.com
5003,brhomeessentials.com
5011,brtb.jp
5012,brunch.co.kr
5013,bt.no
5023,business-gazeta.ru
5034,cambridgeone.org
5041,canva.in
5051,cas.sk
5052,casadoscontos.com.br
5062,cdromance.org
5066,ceneval.edu.mx
5067,centauro.com.br
5074,championcross.jp
5083,chatki.bet
5089,chomikuj.pl
5093,cibc.com
5098,citi.com
5103,claro.com.co
5107,classcard.net
5115,clien.net
5119,clubready.com
5120,clubsspade.com
5134,colnect.com
5136,com-x.life
5137,comfortweather.com
5162,costcotravel.com
5174,crocs.com
5184,cursor.com
5199,darty.com
5211,dear-lottery.in
5233,dennikn.sk
5247,detran.rj.gov.br
5263,digital.gov.eg
5273,distrokid.com
5280,dnb.no
5292,dolarhoy.com
5296,doodles.google
5305,doxologia.ro
5316,dropmms.co
5326,e-personam.com
5333,easyhomescreen.com
5334,easyliveauction.com
5335,eba.gov.tr
5336,ebalka.love
5340,econodata.com.br
5343,eddirasa.com
5346,ednuva.com
5350,ee8uyhvuybibibu.com
5352,eftps.gov
5353,eheya.net
5372,elschool.ru
5375,emag.bg
5376,emag.hu
5378,emedny.org
5387,entel.cl
5398,ernstings-family.de
5416,ethnc.com
5423,eva.ua
5426,evike.com
5439,ezlynx.com
5452,fanvue.com
5461,fb77.shop
5463,fcinter1908.it
5466,feverup.com
5472,film.ru
5480,financemasterpro.com
5495,flixtor.to
5498,focus-news.net
5500,foiz.pro
5507,forzastyle.com
5527,freepornvideos.xxx
5531,freundin.de
5534,fucolle.com
5544,futbolfantasy.com
5553,gamecity.ne.jp
5555,gamefound.com
5558,gamemasha.com
5559,gamepro.de
5563,gamesgx.net
5564,gamesnacks.com
5565,gamespark.jp
5570,gamma.nl
5574,gashapon.jp
5582,gdzonline.net
5617,glavred.net
5633,google.co.in
5635,google.de
5637,google.fr
5650,grabcad.com
5659,gucci.com
5670,gva.be
5674,gyazo.com
5682,hamusoku.com
5690,haqqin.az
5701,hdporncomics.org
5709,hellowork.com
5713,hentaila.com
5720,hessenschau.de
5721,hh888.ink
5723,hhpanda.st
5729,hk01.com
5742,hollisterco.com
5772,hygall.com
5782,icicibank.com
5787,ieee.org
5804,inaturalist.org
5807,incontriamoci.xxx
5809,indiangaysite2.com
5821,ingatlan.com
5836,investidor10.com.br
5838,invisalign.com
5845,irishracing.com
5848,isitmaal.com
5854,itau.com.br
5862,jatkoaika.com
5872,jetsmart.com
5890,joyclub.com
5892,joysporn.st
5893,jp.sharp
5902,junaidjamshed.com
5906,justanswer.com
5907,justpaste.it
5916,kaggle.com
5921,kaltokan.com
5931,kayatan.org
5942,khata.pe
5950,kimovil.com
5952,kino.de
5953,kinoafisha.info
5957,kinozal.tv
5979,kreiszeitung.de
5983,ktown4u.com
6001,lanuovasardegna.it
6004,larepublica.pe
6017,learnus.org
6024,lepoint.fr
6039,lidl.hr
6040,lidl.hu
6051,limundo.com
6062,littleboxindia.com
6068,livescore.co.kr
6086,lolpol.com
6092,loteriasmundiales.com.ar
6097,lottosociety.com
6108,lufthansa.com
6112,lutrija.hr
6139,manodienynas.lt
6140,manomano.fr
6144,manyavar.com
6148,marapets.com
6154,marthastewart.com
6156,mashagame.com
6169,mawada.net
6170,mawdoo3.com
6181,mdr.de
6184,mediamarkt.com.tr
6189,medlineplus.gov
6199,memurlar.net
6214,mez.ink
6239,mku.ac.ke
6261,mondialrelay.fr
6273,mover.uz
6280,movistarplus.es
6281,movoto.com
6297,mtgdecks.net
6311,mvlempyr.io
6314,mybrt.it
6315,mydealz.de
6326,mykomon.com
6345,nationstates.net
6353,ncsecu.org
6356,nepszava.hu
6364,news.ru
6375,nidw.gov.bd
6379,nimfomane.com
6384,njcar.ru
6404,novibet.gr
6410,nrc.nl
6414,nuevaeps.com.co
6420,nutaku.net
6422,nxxhentai.net
6426,oakley.com
6440,ogol.com.br
6443,okko.tv
6447,ollama.com
6461,ontvtime.ru
6465,opentable.com
6492,pagesix.com
6503,parfumo.de
6508,partsgeek.com
6512,passportindia.gov.in
6515,pastelink.id
6530,pdalife.to
6540,petitesannonces.ch
6547,pgportal.gov.in
6550,photopea.com
6560,pipo.games
6569,pizzahut.com
6574,plataformaintegra.net
6575,plati.market
6577,playindialottery.com
6583,playwekings.mobi
6591,plutonos.uno
6618,porn4fans.com
6633,pornxp.ph
6636,porzo.com
6655,prmovies.pizza
6662,pronews.gr
6664,provincial.com
6689,qan.az
6701,quoka.de
6719,rapidgator.net
6729,receitafederal.gov.br
6734,recu.me
6754,replit.com
6764,ring.com
6765,ris.promo
6773,rocketnews24.com
6795,rubias19.com
6805,rusuchka.top
6814,saksfifthavenue.com
6821,santafe.gob.ar
6863,seher.no
6874,semrush.com
6882,sexkomix22.com
6913,sicofi.com.mx
6926,situsabutogel.win
6928,skatteverket.se
6931,skills.google
6935,skribbl.io
6948,slotcity.ua
6968,soccervista.com
6975,solitairebliss.com
6978,solitar.io
6993,sport24.ru
6995,sportingnews.com
7039,successfactors.eu
7044,sunbiz.org
7047,supabets.co.za
7050,superchatlive.com
7055,supremevalues.com
7066,swinglifestyle.com
7072,szn.cz
7087,tatasteel.co.in
7119,thai-novel.com
7127,thefap.net
7142,thomsonreuters.com
7150,timestables.com
7181,tower.jp
7202,treasurecomics.com
7210,tripadvisor.de
7212,trojmiasto.pl
7217,truyen-hentai.com
7225,tubantia.nl
7227,tubesafari.com
7228,tubitv.com
7233,tunwalai.com
7243,tvbs.com.tw
7247,tving.com
7249,tvnet.lv
7253,tweakers.net
7268,umn.edu
7275,unimelb.edu.au
7276,unionbankonline.co.in
7285,uod.ac.in
7292,urbanexplorenow.com
7303,uzaktanegitimkapisi.gov.tr
7305,valmo.in
7312,veed.io
7326,viagogo.com
7372,wal-mart.com
7382,watson.ch
7390,wdr.de
7397,westernunion.com
7456,xnxx.place
7465,xsw.tw
7483,ycombinator.com
7485,yespornpics.com
7499,yourtango.com
7512,zalando.fi
7513,zalando.se
7529,zestfularcade.com
7538,zola.com
7544,zubtube.com
7548,divar.ir
7549,fn7game7v9.com
7562,rekrutmen-tni.mil.id
7566,er.ru
7571,ninisite.com
7573,nz41.com
7593,8vlxx.com
7595,adultfuns.club
7597,api66y.space
7616,hdhub4u.gives
7623,kamuflasetokekwin.com
7625,kingvidey.com
7626,kuttymovies1.you
7654,rphang.city
7659,tkor114.com
7670,vidrey.com
7679,xn--2-7wf9a3c4b3bt8f0cya.com
7685,19216811.onl
7690,24tv.ua
7691,25-hd.com
7692,3esk.onl
7694,49s.co.uk
7718,animatetimes.com
7731,asianetnews.com
7736,auckland.ac.nz
7745,baccredomatic.com
7746,baggyrepackingrocky.com
7752,batikmerak.xyz
7756,bci.cl
7771,bot.com.tw
7791,chariloto.com
7798,civitai.com
7799,ck444.net
7808,co-jugabet.com
7813,comingsoon.it
7819,crosswordsolver.com
7866,enca.com
7869,enthdf.fr
7874,espace-citoyens.net
7883,fancode.com
7884,farmacity.com
7889,flightstats.com
7907,garuda120.shop
7913,gazetki123.pl
7917,gmanetwork.com
7925,gorodovoy.ru
7931,hdfcbank.com
7933,heavy.com
7940,hoki78resmi.org
7952,indiabix.com
7966,javgirl.co
7972,jm101.com
7992,klarna.com
8008,lavenir.net
8019,lnmuniversity.com
8020,loot-link.com
8023,losarcanos.com
8026,lucky-satta.com
8042,maza18.net
8044,mds.gov.br
8057,miregistrocivil.gob.mx
8063,mos.jp
8067,mtn.co.za
8079,nextdirect.com
8103,padasalai.net
8111,pdsodisha.gov.in
8120,plus500.com
8124,poedb.tw
8136,poskorakyatjp.com
8137,poslovni.hr
8141,principiaskin.com
8142,prix-carburants.gouv.fr
8145,promokodi.net
8150,q18.ru
8173,rtl.hr
8178,satta-matkaz.com
8179,scholarships.gov.in
8180,sd.rs
8196,slobodna-bosna.ba
8207,stat.uz
8214,suomi.fi
8217,tabii.com
8223,tapminings.com
8238,the-saleroom.com
8239,theabclearning.com
8240,thefundedroom.com
8243,thewom.it
8245,thumbzilla.com
8246,timeout.com
8252,tokogame.com
8254,toonx.net
8261,traderie.com
8270,tureng.com
8306,vov.vn
8317,wisnu123strong.com
8343,yomod.xyz
8351,zr.ru
8360,gercekmedya.com.tr
8374,ulluuncut.now
8382,artsomewhere.com
8386,dwp.gov.uk
8398,nadim100.xyz
8429,siam55pg3.com
8434,5movierulz.network
8435,7dak26d.xyz
8439,acmicpc.net
8450,bokepindo13.team
8452,bolly4u.coffee
8455,coloksgp-hoki.com
8461,erpcrmtrend.com
8462,fancy-tv.de
8479,javhdz.hot
8484,laroza.boats
8485,laroza.icu
8487,larozza.autos
8492,larozza.quest
8509,motchillkr.fm
8518,mynqmv.beauty
8528,porno365x.space
8530,premiumbewokwin.com
8533,rajabandotdamai8.com
8542,series-days.com
8556,tvwiki9.net
8561,vidseyy.com
8565,xem-vlxx.com
8570,1001fonts.com
8574,2ch.org
8580,56myu5u3v.com
8607,anyporn.com
8612,arkusze.pl
8613,arsip.go.id
8614,asiemodel.net
8617,astra-ai.co
8619,atg.se
8620,atrbpn.go.id
8623,autoevolution.com
8634,bdxvideohd.com
8652,bolavip.com
8658,bp2mi.go.id
8669,bsi.ac.id
8674,caratlane.com
8680,chibiquest.net
8691,crank-in.net
8693,cric247.pro
8700,cursorinfo.co.il
8701,dailyshincho.jp
8706,debenhams.com
8709,dedmazay.porn
8712,denfaminicogamer.jp
8725,dsebd.org
8737,enel.com.br
8745,eu9g.com
8750,extra.com
8753,famu.jp
8754,fapclub.st
8759,filmepornonline.org
8778,fungameee.com
8785,genybet.fr
8788,gig.sex
8801,gumroad.com
8812,hiocdis.org
8815,hotmaals.today
8828,indiankanoon.org
8844,jioconnect.com
8887,loft.co.jp
8895,lubimyczytac.pl
8906,mangaraw24.net
8917,mhexam.com
8922,modooav14.com
8934,mrds66.com
8936,mtb.com
8940,mydesixxx3.com
8942,mylaser247.online
8954,netralnews.com
8957,newtalk.tw
8963,nowgoal828.com
8974,ovs.it
8989,pippit.ai
8995,poisknews.ru
9000,pornid.tv
9005,prehraj.to
9006,premierbetzone.com
9023,radiot.space
9032,riachuelo.com.br
9042,sanfe.in
9043,sangetods.net
9057,sexbule.xxx
9086,storytv.co
9091,supersports.com
9099,tamashaweb.com
9100,tatilbudur.com
9116,tissotwatches.com
9118,tk999.org
9139,uni.cards
9154,wafid.com
9166,x2twitter.com
9168,xhnet.live
9180,yardbook.com
9200,irancell.ir
9202,jharupdate.com
9222,8thclassresults2026.pk
9230,coopdeli.jp
9239,greenmountmotors.com
9271,ahseconline.in
9280,1eobuchg.com
9281,27cf36pj.com
9289,9xflix.loan
9290,aagmaal.onl
9309,catopesawat.com
9318,dualeotruyenay.com
9319,filmybhoot.com
9321,filmyzilla.engineer
9328,gama.ir
9338,insexhq.com
9347,kingdomtotox63.com
9349,kisskh.nl
9376,olxdoc.com
9380,olxwst.com
9424,tkor107.com
9432,toto12energi.net
9446,xhdesign.blog
9465,0lin.com
9480,100sp.ru
9487,109cinemas.net
9495,10superbo.com
9503,1112hde.com
9519,123doujin.com
9541,141love.net
9549,168.am
9562,18porn.cc
9566,19216811.to
9596,1win.com
9618,2219sg1.net
9646,289naknoi.com
9667,2dgg.com
9670,2game.info
9690,321bank.com.br
9698,3338launcher.com
9699,333dhk.com
9702,345betwin.top
9703,345winapp.com
9728,3dtuning.com
9729,3dvf.com
9743,3saf.com
9752,401games.ca
9780,4download.net
9786,4fnet.org
9787,4free.asia
9792,4hi.in
9798,4kporn.xxx
9809,4sky247.com
9818,511tactical.com
9819,51pg20.com
9822,52av.one
9825,54bej.com
9831,55ace.com
9835,55vip777.com
9836,560pmovie.com
9838,5777bet.com
9848,5movierulz.shopping
9850,5p2dn99b.com
9857,61saat.com
9865,666p999.com
9884,6rvy1uz7.com
9890,711cuci.net
9891,72.ru
9901,777w.shop
9904,77bd.cc
9923,7jours.ca
9929,7p777.bet
9936,80game.vip
9939,8122.jp
9948,86fg.com
9956,888jogo.net
9977,8k8o.com
9978,8maple.st
9999,98wmxyee.com
10206,adani.com
10372,agingcare.com
10689,altovalleavisos.com
10801,ancensored.com
11008,aphc.gov.in
11014,apina.biz
11072,apptegy.me
11948,bbm-mobile.com
12069,beminimalist.co
12129,bestcarweb.jp
12155,bet-300.pw
12390,bilezikci.com
12457,bizmeka.com
12491,blackbaud.com
12666,bol.pt
12734,booknode.com
12800,boyfeelfin.net
13038,bunnings.co.nz
13380,carsstore365.com
13397,cartoonsworld.vip
13442,casinogranmadridonline.es
13446,casinosdellitoral.bet.ar
13496,ccb.org.co
13695,chczero.net
13719,cher-poisk.ru
13795,christianbook.com
13970,clearscore.com
14019,cloudmoonapp.com
14082,coconurse.jp
14083,cocos-jpn.co.jp
14245,conduit.com
14289,consumersenergy.com
14562,crxlauncher.com
14800,danskebank.dk
14848,davivienda.com.sv
14878,dcy.go.th
14930,deeheng789.com
14948,defimedia.info
15021,depop.com
15131,dextools.io
15377,djmwanga.com
15400,dlt.go.th
15493,dola.com
15545,doolnews.com
15552,doraken.jp
15684,drmax.pl
15707,dsj77.net
15727,dubaiphone.net
15742,dugout-online.com
15812,e-boticario.com.br
15931,ebsco.com
15944,ecchi-doujin.com
15953,echo24.cz
15959,ecobolsa.com
16259,elotrolado.net
16266,elprogreso.es
16378,engine4d.com
16523,erotorrent.ru
16625,estrazionedellotto.it
16630,esw.et
16633,etam.com
16706,eurovaistine.lt
16744,evropochta.by
16840,eyyo.com.tr
16864,f2f.com
16869,f9d8a9.com
16896,fairdeal.live
16981,fareharbor.com
17181,filecr.com
17264,finology.in
17363,flavorvoyage.net
17457,fnu.ac.fj
17519,foragentsonly.com
17853,g2g.com
17862,g8s3d8.com
17937,gamers.co.jp
17973,ganamosnet.biz
18110,geissblog.koeln
18233,ghiseul.ro
18271,ginsara.jp
18331,gld.nl
18512,google.co.th
18610,gqmagazine.fr
18618,gracestore.pk
18640,graniph.com
18800,gulfsexxx.com
18813,guns.lol
18856,h9uh4.com
18871,hagebau.de
18951,harant.ru
18993,haveibeenpwned.com
19121,hemba.gov.tr
19448,hommages.ch
19565,hpnet.vn
19633,humana.com
19638,humanitix.com
19667,hyattinclusivecollection.com
19707,iam.ma
19721,ibercaja.es
19725,ibfc.org.br
19836,ifmt.edu.br
19877,iifl.com
20012,inclave.com
20058,indiavotes.com
20078,indrive.com
20115,infoeducacao.com.br
20206,instahyre.com
20309,iob.com.br
20337,iproperty.com.my
20346,iqair.com
20385,isladejuegos.com
20495,j200m-cair.store
20590,javneon.tv
20647,jdsports.pl
20683,jesusonline.com
20694,jeusol.fr
20697,jfa.jp
20829,jobsoftoday.in
20994,justdone.com
21054,k24klik.com
21105,kaliscan.me
21136,kapanlagi.com
21189,kaufland.it
21222,kcbgroup.com
21301,kfc.co.jp
21507,kmong.com
21552,koin404gold.com
21803,kyotocitylib.jp
21836,labrujulaverde.com
21958,larkoffice.com
22016,lcbo.com
22022,lcwaikiki.rs
22027,ldshop.gg
22220,licitanet.com.br
22246,life.ru
22250,lifee.cz
22388,liveinternet.ru
22464,locanto.at
22657,luckia.co
22690,lumalabs.ai
22740,m-sns.net
22979,manhwatop.com
22988,manpowerjobnet.com
23000,manuals.plus
23023,mapy.com
23257,mealtrain.com
23447,mentalfloss.com
23448,mentimeter.com
23475,mercy.net
23567,metropolia.fi
23580,meupc.net
23588,mezzo.bet
23876,mob4g.com
23918,modbussid.co.id
24090,mos.gov.pl
24151,moutamadris.ma
24185,movistar.com.ar
24294,mt.de
24409,myadminvip.com
24531,mypension.be
24535,mypoints.com
24574,mysw.info
24870,neswngy.com
24897,netsea.jp
24919,newatlas.com
24946,newport-pleasure.com
24997,nextapple.com
25059,nihaojewelry.com
25097,nirwana88bet.website
25221,norton.com
25436,o2online.es
25727,onestream.today
25908,oregon.gov
25971,otomachi.jp
26012,ovagames.com
26022,ovodewa13.info
26060,pacificgolf.co.jp
26075,pagaleve.com.br
26275,patra.cloud
26316,payspace.com
26342,pcbolsa.com
26407,pelando.com.br
26427,peopleenespanol.com
26506,petrolimex.com.vn
26541,pgraja-soft.com
26546,pgxw.life
26615,piccoletrasgressioni.it
26751,planetasport.rs
26822,plazastyle.com
26902,pogoda7.ru
26913,pokecabook.com
26933,polar.com
27010,porn00.tv
27039,pornhdmate.com
27055,porno-apk.com
27140,portalportuario.cl
27177,postie.co.nz
27276,premium-water.net
27487,psicologiaymente.com
27556,punyanagari.in
27676,queenalba.net
27782,radiofarda.com
27791,radios-argentinas.org
27988,realpage.com
28031,redactiesommen.nl
28036,redbus.my
28048,rededorsaoluiz.com.br
28141,renapsi.org.br
28192,resend.com
28203,resmigazete.gov.tr
28321,rio88.fun
28466,rozee.pk
28538,rule34.dev
28596,s-b-c.net
28715,salyk.kg
28777,santillanaconnect.com
28819,sastaticket.pk
28831,satsport.info
28965,sci-hub.in
29143,senkuro.me
29195,serviceautopilot.com
29314,sgbet365.online
29341,shaposh.com
29359,sheer.com
29443,shoppersstop.com
29598,singleops.com
29710,sky.com.br
29774,slolaboratory.com
29787,slotvip.ph
30007,soov.ee
30037,soundbuttonsworld.com
30057,sp.def.br
30112,spidersweb.pl
30211,spox.com
30219,sprintesport.it
30254,srs.kg
30281,sss183.live
30309,stampworld.com
30393,stepchess.ru
30632,superbru.com
30633,superc.ca
30645,superenalotto.it
30720,suzuki.co.id
30808,synopanel.com
30886,taishinbank.com.tw
30933,tameuf.com
30970,tankionline.com
31013,tass.com
31230,templeandwebster.com.au
31242,tendersodisha.gov.in
31267,terranovastyle.com
31582,ticketmaster.es
31698,tirage-gagnant.com
31843,tomorrowland.co.jp
32038,trafficimage.club
32104,travelzoo.com
32440,twtd.co.uk
32528,ucm.ac.mz
32618,uhhospitals.org
32631,uk.gov.in
32741,unicredit.it
32819,unlucid.ai
32839,unt.se
32872,upgrade.com
32950,uscareerinstitute.edu
33029,uwinit.com
33219,vesservices.com
33628,vsetv.com
33648,vuce.gob.pe
33653,vulture.com
33704,wakyma.com
33778,watermarkremover.io
33851,webdpc.it
33892,weebly.com
34386,xhmoon5.com
34487,xorope.io
34552,xxl.se
34673,yashodahospitals.com
34879,zalando.hr
34882,zalando.lt
35049,zoofiliaxxx.blog
35167,388win12.com
35416,bananasplit.space
35431,baritoutarakab.go.id
35514,bokepsemok.com
35730,crowned.click
35857,doublegood.com
36145,geekbot.ru
36175,gladbachlive.de
36238,guancha.cn
36343,hujanyuan.com
36423,inshorturl.in
36742,livingliquidz.com
36795,mafiammo.com
36897,metro.de
37153,oja89daftar.com
37632,sigvalid.com
37687,socoupon.com
37802,techbang.com
37885,tokfm.pl
38075,vento-marketing.com
38125,vjr390g300.com
38184,wifaqulmadaris.org
38198,wochenblatt-dlv.de
38200,woninghuren.nl
38256,xpo.ru
38267,yad.com
38306,zc777d.com
38478,bromo77key.site
38904,moba5v5.com
39039,poni190.com
39042,poni193.com
39103,rujukshio88.com
39392,dana38941.com
39393,dapursaksi.com
39431,harta138win.com
39553,vtrahe.fit
39644,abutogel.io
39694,arabalxnxx.cv
39950,fat4d2026.com
40162,jesoslot.info
40540,phimsexhayvn126.com
40672,sadewa77win.com
40776,streetwise247.live
40904,vavada5vd4r1.com
40933,visumplus.nl
40948,vwc.org.au
40969,winlive4dmoon.com
41030,xxxshortvideos.com
41134,985fm.ca
41148,aboutyou.cz
41187,aitec.edu.ec
41253,apachefriends.org
41349,bbato.com
41532,cheeky.com.ar
41553,cinex.com.ve
41605,comprobarbonoloto.es
41686,deco.fr
41712,dgpwa777.com
41892,firstalert4.com
41926,fpsc.gov.pk
42097,hobbystation-single.jp
42473,maracanau.ce.gov.br
42496,maty.com
42542,milka.com
42718,novey.com.pa
42769,onmeda.de
42848,pilotajaib.info
42854,pintarly.id
43030,reifebegegnung.de
43203,simpleescort.com.ec
43247,southmelody.com
43409,ti.com
43492,tusfintech.mn
43545,ultrawin.co.in
43551,umpsa.edu.my
44117,fararu.com
44312,luel.ai
44665,tryorivelle.com
44689,unsm.edu.pe
44783,ztzt996.com
44960,1w7ni9cn.com
45055,2handland.com
45059,2mbet.top
45666,abenson.com
45756,aconpy.com
45805,addenbrookes.nhs.uk
45812,adexa.co.uk
45819,adidas.co.ma
45973,agradi.nl
45987,agrofoto.pl
46003,aha.video
46047,airbnb.co.kr
46161,aldi.hu
46343,amazingred.ru
46513,animemedia.org
46529,animezilla.com
46667,apollo2-dvd.com
46878,aseemamatrimony.in
46933,asrock.com
47080,audible.com.au
47126,autismpartnershipfoundation.org
47231,av6k.com
47244,avant.com
47347,azeriifsa.org
47364,azulcargoexpress.com.br
47432,backstabbr.com
47454,bairesgirls.net
47502,bancodeprecos.com.br
47602,barnstormers.com
47628,basketball24.com
47701,bcasino.com
47763,beginningboutique.com
47828,berg-freunde.ch
47939,bettomax.com
47948,betwin360.it
47968,bgland24.de
48039,bigjoy.com.tr
48059,bik.gov.tr
48178,bitel.com.pe
48463,bookaway.com
48505,borzodelivery.com
48653,brokerbin.com
48751,bumper.com
48771,burgerking.com.my
48986,cambioschaco.com.py
49316,centarzlata.com
49473,chemicalbook.com
49508,childrensalon.com
49536,chorus-pro.gouv.fr
49597,cientificalab.com.br
49692,claro.com.uy
49863,coc.com.br
49894,codigo-postal.pt
50174,cosmodata.gr
50426,ctonline.mx
50442,cudetoate.ro
50484,cursodereciclagemonline.com.br
50500,cuteinternet.com
50540,cystore.com
50563,d6f8h1j.com
50578,dafanba.org
50643,danimateu.com
50663,darkblox.net
50669,darty.pt
50686,datamed.lv
50847,denbypottery.com
50954,devilnovels.com
50964,dewalivefun.us
50967,dewitschijndel.nl
50971,dext.com
50989,dharamgyaan.com
51034,dichngay.com
51208,dlz9g0d.com
51366,dota2.net
51437,dragontranslation.org
51554,dundle.com
51771,ebp.com
51828,ecured.cu
51854,editorajuspodivm.com.br
51890,education.ua
52102,elon.se
52144,emefka.sk
52220,english-heritage.org.uk
52292,epr.org.pk
52364,ersagglobal.uz
52438,essensworld.ru
52518,evalar.ru
52569,evoweb.uk
52623,expres.sk
52918,febbox.com
52982,ffbetaa.app
53008,fidelity.co.uk
53055,filmx.cyou
53065,fimela.com
53208,flightcentre.com.au
53214,fliki.ai
53507,franciscanmychart.org
53584,freshtohome.com
53656,fudbal91.com
53695,fundainbusiness.nl
53714,fuqqt.com
53864,games-island.eu
53948,gayfuckporn.tv
54141,gfy5594.com
54253,glavred.info
54351,godlydatagh.com
54375,gojobs.go.kr
54425,golfkids.co.jp
54439,gonet.tv
54501,goseekhub.com
54542,gpa26.com
54590,gravastar.com
54682,gsubz.com
54792,h22002.com
55016,hdrezka.loan
55157,heromotos.com.co
55194,hi77.cl
55243,hioscar.com
55269,historia.ro
55354,holedk.com
55538,hrd1902.com.pk
55794,ieltsliz.com
55821,ifunny.co
55852,ihma.uz
55891,ilgiardinodeilibri.it
56010,indian.com.uy
56020,indianshortner.com
56078,infonet.fr
56091,infosnap.com
56130,innherred.no
56177,instaleap.io
56211,internazionale.it
56245,invia.hu
56255,iobit.com
56347,ishibashi.co.jp
56422,iucnredlist.org
56790,joetsutj.com
56806,joinhoney.com
56956,justcolor.net
57013,k2r8x7.com
57266,kepea.gr
57304,kfhonline.com
57382,kinarino.jp
57426,kinou.gr
57429,kion.ru
57454,kissh5.com
57468,kitea.com
57517,klondikeadventures.com
57527,kmou.ac.kr
57538,knigi.ws
57620,konicaminolta.jp
57697,kreszteszt.net
57750,ktye8i.com
57944,landmarkglobal.com
57965,lansivayla.fi
58016,lasvegas.ro
58097,leakslove.com
58148,legallais.com
58149,legalplace.fr
58177,lelo.com
58214,lespetitsculottes.com
58238,leverageedu.com
58332,lifetimenumber.com
58354,lightspeed.app
58504,llewellyn.com
58567,loguin.com.co
58568,lohud.com
58624,lotarianacional.co.ao
58630,loto.sv
58656,lottoszamok.net
58761,ludoclub.com
58844,lyrsense.com
58871,m8q7.com
58930,madonna-av.com
59016,makeship.com
59061,manga-news.com
59141,marakumi.bet
59309,maxbetsport.rs
59373,mcmod.cn
59378,md88top.com
59835,milleni.com.tr
59926,miraresto.com
60053,mobiles.co.uk
60182,moneybird.com
60352,mpa.gov.br
60395,mrnmrspet.com
60616,mycity-military.com
60640,myenergycenter.com
60668,myheritage.cz
60679,myhousingsearch.com
60710,myonlineradio.sk
60724,mypremiercreditcard.com
60780,myucw.ca
60941,natuurhuisje.nl
61178,newton.by
61375,nolimitcoins.com
61544,nukibooks.com
61808,olxggmacau.com
61874,onekeypayments.com
61965,ontariosunshinelist.com
62045,opticutter.com
62172,otonosonority.com
62185,ouk.edu.tw
62188,oupsmodel.com
62197,outdoorsy.com
62261,p2000-online.net
62263,p23hxejm1.com
62432,park-direct.jp
62488,patentati.it
62506,patrisnews.com
62532,paymob.com
62641,pelisplushd.mx
62856,phs.org
63009,pkayprek.com
63089,playszones.com
63228,polishop.com.br
63243,polo-motorrad.com
63493,pragmaticplay.net
63579,primetrace.com
63666,progenerp.com
63844,pusatjp68.org
63846,pushpaclub5.vip
63853,putrijp7.com
64240,readnaturally.com
64288,receive-sms.cc
64380,regionsmortgage.com
64382,registrodeimoveis.org.br
64477,repack.info
64525,restorma.com
64601,rice.edu
64603,rich157.fun
64748,romedic.ro
64806,royalqueenseeds.de
64875,rtx.com
64936,rushlane.com
65028,saguaro.com
65029,sagupaan888.vip
65177,sanwa.co.jp
65436,secure-hotel-booking.com
65477,sekillinick.com.tr
65497,selsey.pl
65577,servify.in
65641,sexvideos.rodeo
65852,si.edu
65873,sidalih.com
65937,simosa.com.pk
66245,smfgindiacredit.com
66262,smpp.go.kr
66268,smtb-0038.com
66350,softurl.in
66371,solago.de
66388,solitairen.com
66441,soodress.com
66447,soriaudio.com
66483,soundinstants.com
66607,spokesman.com
66705,squaretrade.com
67009,sub-scene.com
67105,sunrefre.jp
67177,supportbdrummy.com
67241,swacrew.com
67273,swissmedical.com.ar
67341,ta.gov.lv
67367,tacomaworld.com
67378,tageblatt.de
67433,tamarasport.com
67596,tecalis.com
67620,techpulse.be
67638,teenporn24.net
67641,teerresults.net
67750,tenstreet.com
67940,thenetnaija.ng
67962,thepiratebay7.com
68080,tidal.com
68116,tikamoon.es
68139,timhortons.ca
68184,tjac.jus.br
68189,tjpb.jus.br
68223,toastmasters.org
68288,toogoodtogo.com
68342,topstreams.info
68448,tractorfan.nl
68494,translink.com.au
68607,triumph.com
68757,tunein.com
68800,tutiempo.net
68839,tvoyaapteka.ru
68842,tvreport.co.kr
68894,tybito.com
68930,u888br.xyz
68948,uala.com.ar
68973,ucacue.edu.ec
68980,ucertify.com
69029,ufpr.br
69051,ui.ac.id
69131,umniabank.ma
69187,unicaribe.edu.do
69234,unipegaso.it
69246,unisal.edu.py
69251,unisportstore.com
69442,usf.edu.br
69447,usmba.ac.ma
69460,ut.edu.vn
69461,utad.pt
69470,utel.edu.mx
69601,vastoweb.com
69915,visa2egypt.gov.eg
69931,vistaprint.com.au
69989,vivopay.com.br
70037,vogue.cz
70261,wateen.com
70306,wcax.com
70514,whitestuff.com
70522,whyy2.com
70649,wlky.com
70812,www.gov.ie
70876,xcams.com
70900,xgn.nl
71058,xxxlesnina.hr
71142,yardiaspla5.com
71187,yesgrp.com
71264,youtube-thumbnail-grabber.com
71463,zerodha.net
71475,zh88222.com
71488,zikplay-ml.com
71622,47xgeorgia.me
71681,javfullhd.blog
71926,anne65339490.site
72050,budal23.net
72164,dizipal1548.com
72342,gg67yc.com
72423,herofincorpipl.com
72723,mamen123daftar.com
72740,manhwadesu.tech
72782,michaelsokolove.com
72992,pelisflix1.loan
73202,sengbounce.site
73301,superliga168unggul.com
73472,vegamotel.com
73657,10kmantapjiwa.org
73737,2tencb.lat
73784,4px.com
74140,ambicaaspot.com
74261,ark.org
74383,awkafonline.gov.eg
74570,betvisafun.com
74753,buatkuingat.com
74765,bundaslot1resmi.com
74867,castro.com
75039,cmsk12.org
75192,cyclinside.it
75194,cymath.com
75212,dacia.de
75279,defenseone.com
75309,desihole.com
75374,djannu.com
75411,dom.ru
75514,eaindustry.nic.in
75571,edunet.tn
75716,ev-electric88.com
75800,fasthosts.co.uk
75874,fjheu389v1.com
75912,fontspring.com
75917,footballinsider247.com
76040,gamers-outlet.net
76094,generaldebegudes.com
76133,gg9989.com
76250,gppb.gov.ph
76264,greenmesg.org
76463,holaquiz.com
76497,hotel-restaurant-de-la-mairie-traiteur.com
76498,hotic.com.tr
76508,hpcz.org.zm
76536,hyadain.com
76544,i-egybest.info
76649,indianlovexxx.com
76684,innovadigit.com
76841,jgianveshana.com
76911,juantoto-808188.website
77155,krishnajewellers.com
77252,lasu.edu.ng
77272,lbpost.com
77287,leapshc.org
77467,lsm919v2.com
77500,lyricsread.com
77552,makeup.md
77553,makeupbrno.cz
77622,matheros.fr
77812,mobilsiden.dk
77862,moogold.com
77909,mratm88.bet
78013,myxh.life
78063,naviforce.com.bd
78348,omacuanrozi.com
78518,paramedya.com
78615,pfzw.nl
78677,planbrowse.com
78691,playstake.info
78904,q2y4t9s4.com
78952,quotidianopiemontese.it
78956,qypsii2v.com
78996,rakusta.net
79014,rcf.fr
79067,reviewforgeh5.com
79136,round1usa.com
79177,rudolfskysub.hu
79398,shabakaty.cc
79532,smarty.sk
79542,smutecnioznameni.eu
79548,sneakasso.pl
79807,t5x7m0q.com
79925,tfq968302145.com
79994,thriassio.gr
80262,ufcat.edu.br
80346,uniport.edu.ng
80458,vastrakaala.com
80749,wnem.com
80805,xage.app
80808,xandres.com
81064,akbkuu.blog
81177,fedmanager.com
81314,nobita138top16.org
81365,rakyat62b.com
81497,1tamilyogi.kaufen
81510,34filmywap.com
81568,agenolxsite.com
81875,dhika12.info
81933,dynamicshare-fg8.com
82090,gorilla4dgacor.com
82200,icicietf.com
82261,jnsdegreecollege.in
82265,jojobet1144.com
82306,kissimmeemainstreet.com
82513,movies4u.net.in
82617,ollo4dcreation.com
82634,operatoto479.com
82642,pafibadakbaru.org
82656,pakhuisje.nl
82685,pelisflix1.buzz
82911,sexhayvc.net
82925,shadders.net
82973,smooth-spine.com
83134,torrentbot235.site
83234,vegamovies-nl.my
83260,votersecilist.com
83527,588win13.com
83609,9111.ru
83617,963bet8.com
83620,987pfc.com
83621,98a0oywg.com
83639,9nbet43.com
83875,annonces-gratuites.com
83890,anyhdmovie.com
83990,aukerajewellery.com
84001,autogrodno.by
84229,biznesinfo.pl
84350,btcexam.in
84396,c5r8k1p.com
84748,csrep.gg
84767,cum-desi.com
84799,dairyqueen.com.mx
84929,doeda-hjwl.xyz
84992,dse.com.bd
85010,dumka.media
85157,enigmatickets.com
85226,ewidzew.pl
85249,f5g6d9.com
85354,find.com.tr
85373,fkwallet.io
85466,fundrich.com.tw
85599,goawin247.com
85719,hallensteins.com
85749,hccs.edu
85953,ilnatale.org
86065,jabama.com
86107,jbalwikobra.com
86272,ketabonline.com
86381,krjogja.com
86461,laura-james.co.uk
86725,maturetubenow.com
86859,miroirpmu.com
86870,miva.edu.ng
86984,mumresults.in
87043,mytransunion.co.za
87183,nivaleshop.com
87185,niwerat.com
87519,piacesprofit.hu
87570,playtok.bet
87744,pxmartevent.com.tw
87813,raztune.com
87868,rentafriend.com
87994,ryonaniko.com
88117,selectionway.com
88149,sexhayh.com
88216,sibdom.ru
88270,skycasino.com
88283,slot777jp2.art
88302,smsupermalls.com
88318,sohocombat.top
88367,sport-adeps.be
88555,taloustutkimus.fi
88697,thetvapp.site
88958,ucuenca.edu.ec
88965,ueno.com.py
88987,uk.net
88998,umaximo.com
89255,voolt3d.com.br
89300,wblaxmibhandar.com
89311,weekseries.tv
89317,weshporn.com
89355,wisd.us
89517,zacatecas.gob.mx
89571,zy3zdyiu.com
89636,btcwallets.cloud
89731,jav1.blog
89808,payzmoney.com
89823,quazento.click
89929,135opq.com
90032,7wkp6p4a.com
90200,asian4dmean.com
90210,at77ff.com
90423,cinalokal.net
90535,desihub.click
90585,doeda-wzyx.xyz
90590,domlepen-a7f3k9x2b1.xyz
90611,dubaitotomasuk.com
90624,dwtplay.store
90655,evideo.bg
90659,evossugar.com
90695,filmjepangku.live
90982,huntingkansaswhitetails.com
91007,ikcosales.ir
91017,indo126-s.com
91019,indo62gogogo.com
91491,mpo1221m.net
91634,openteleneptunes.sbs
91831,pro88017.com
91852,pusulabet1099.com
91858,qasu.edu.ye
91886,radenjt.store
91923,recordstoreday.ie
92204,surya777daftar.com
92211,swcashwallet.com
92307,top5totoalttternatif.com
92347,tumbet843.com
92692,003p6.com
92757,026epu.com
92803,05n7d7.com
92832,07247.fans
92979,1001spiele.at
92992,10086.cn
92999,100cuci.xyz
93239,114bank.co.jp
93270,119-hello.com
93319,11teamsports.hu
93561,147betrupees.com
93585,1515ap.net
93749,180graus.com
93754,1822direkt.de
93817,18shinwabank.co.jp
93820,18teensex.me
93860,19bajeevip.com
93905,1cak.com
94016,1movieshd.com
94041,1progs.ru
94077,1stchoice.co.uk
94110,1tulatv.ru
94137,1win-argentino.com
94193,1xbit1.com
94240,202.by
94253,202uranus.com
94279,20logam777.com
94324,220volt.com.ua
94344,2265.com
94498,24billions.com
94519,24home.bg
94563,24porn.com
94600,256bet10.com
94676,288t77.com
94690,28egho.com
94791,2fastebikes.com
94844,2k7d9a8.com
95140,33x666.com
95192,35media.ru
95317,3737.mx
95345,383113.com
95438,3anet.co.jp
95756,4399.cn
95815,45-revolution.com
95842,45d45d.com
95919,48xbajee.com
95949,4bilder-1wort.net
95991,4dno.org
96058,4kjav.co
96080,4nite.site
96128,4ts.it
96160,4x4macau639.tech
96224,518bet08.com
96342,5555bb2.com
96364,555u9999.com
96629,585bet.app
96647,587bet20.com
96761,5j56it.com
96762,5jffwu.com
96788,5n8r2w.com
96871,60plusmilfs.com
96981,6615z1.com
97081,66ub.co
97178,688v.site
97208,68wu94.com
97443,715bet10.com
97536,75r.la
97563,76m44.com
97585,7700bet35.com
97820,77abc.cc
97834,77at.vip
97879,77i.bet
97882,77jgshsuvx.com
97974,78977888.com
98149,7angkringan138.online
98339,7vuu.com
98471,836184mp.pro
98653,888goal.net
98879,89q10.com
98896,8a.si
98908,8bm7v.com
98917,8casino-hello.com
98931,8eqopfr1.com
98985,8mbm0a.com
99007,8qly3rk.com
99052,8xufabetx.com
99144,918kisser1.com
99278,97mdl.vip
99382,999plus.cc
99743,a1on.mk
99784,a365.com.pe
99839,a7.net.br
99874,a8t2k3hl.com
99929,aa87.bet
103162,agramasgroup.com
103643,aidocmaker.com
105434,aliprice.com
105448,aliss.cr
106694,alza.de
106934,ambfc.com
107097,americanimmigrationcouncil.org
107162,ametcorrientes.com
109586,apni.lk
109718,app-amb.jp
109910,applynow.jp
111061,arlogistica.net
111992,asiamax.pro
112427,assetplan.cl
112941,atelierdesboiseux.fr
114769,avangardgold.com
116079,b8ebkqtk.cc
116406,backmarket.be
116419,backpackerlife.dk
116496,badgeandwallet.com
117008,baltic-watches.com
117446,bankatfirst.com
117539,bankrestu.com
117976,barzellette.net
119858,belssb.ru
122828,binance.vision
123683,bkplay.kr
123840,blackspigot.com
125756,bookganga.com
127538,britanniatreatnaruto.com
127942,bs.olawa.pl
128224,bubblealba.com
131065,cancer.gov.co
133105,cathayholdings.com
133224,cavetown.nl
133277,cbart.net
133783,cedula.com.ve
134501,certini.co.uk
135208,charlottefabrics.com
135467,cheapassgamer.com
138106,claroshop.com
138552,clicnscores.com
139111,clubmed.us
139287,cmpsystem.com
140805,communityamerica.com
141469,connectionsplus.io
142211,coopvitality.ch
144110,crossdressing.co.uk
144619,ctc.com.sg
146386,daka.nl
146449,dallascityhall.com
146854,darntough.com
147490,dcare.go.kr
147505,dce.ac.mw
147937,decoinparis.com
148824,depot96.ro
149162,desiremovies.love
150872,dipusevilla.es
151041,disclosures.co.uk
153232,dove.it
153850,dreamworks.com
154041,driverknowledgetests.com
155041,dveribravo.ru
156305,easypark.com
158339,einvoice.com.tw
158841,electheadline.com
159186,elfster.com
160424,endepa.com
160542,enervit.com
161586,ereadinggames.com
162037,escarcelle.net
163183,eurobench.com
163387,euroskat.com
163919,evopay.africa
164759,ezobooks.in
165143,facescanada.com
165307,fafa877win.net
166341,fastflirtnet.com
166858,fdu.edu
170438,focer.org.uy
170560,foliecosmetic.com
171270,formular230.ro
172372,freemeteo.com.uy
172519,freiburg.de
176320,gedyt.com.ar
176578,geneafrance.com
177078,gespymes.eu
177559,gfo3x5.com
177942,gietbbsrerp.in
177960,gift-fortune.com
179711,golance.com
180658,gossip-i.com
180675,gosugamers.net
181897,gringoxp.site
182238,grupodbp.com.ar
182858,guichetunique.org
182869,guide-epargne.be
182912,guin.sv
184149,halloweencostumes.com
184533,hanslabelle.com
185848,healthpoint.co.nz
186024,hediyemen.com
186703,herculesus.com
188814,hololist.net
189111,homeview.pl
189857,hotelscombined.com.au
190026,hourplace.co.kr
190952,humans.uz
191538,i-doll-osaka.com
193807,ilshospitals.com
193973,imc-companies.com
195360,infopoint.pk
195967,insse.ro
196956,iosfa.gob.ar
197585,isathens.gr
198043,istruzioneer.gov.it
199995,jaxa.jp
200019,jayajitugoal.com
200993,jimex.co.jp
201378,jljl666.vip
202366,jpauto.auction
202431,jps.de
203397,jw7.today
203399,jw777.game
205066,kasiporn.com
205429,kazesanpo.com
205798,keikenkyo.or.jp
207198,kincone.com
208311,kli.one
209628,kornu.ac.kr
211091,kursyazilimi.com
211727,label138ac.xyz
212169,lagazettedeteyvat.fr
212215,lahitapiolarahoitus.fi
212513,lamporochljus.se
214533,leheriya.com
214676,lemarchedutimbre.com
214683,lemax-kotel.ru
214929,leonieandco.fr
215234,letsgolearn.com
217660,lnjlypduoq.net
218119,loja.menu
218327,lolix.gg
219421,lrb.co.uk
220676,m2j.co.jp
221708,mahavirs.com
221887,maincmmsattamatka.com
223015,manoeuvreedu.com
223120,manualdecompra.com.br
223968,martinsgroceriestogo.com
224396,mastertraining.ro
224583,math.tools
227795,merida.nl
233534,morrisonshoes.com
234914,mrush.it
238354,mytoptour.org
238944,nagepat.com
239450,napriem.info
240058,navoiy-uni.uz
240607,nederlandsesexfilm.net
240719,nekobet99jaya.com
242008,nexonia.com
242072,nextdoordolls.com
242737,niime.jp
243694,nohucode.shop
243942,nord.no
244145,northplattepost.com
244171,northwave.com
244790,npm.gov.tw
245585,nutrimea.com
245940,o-ren-group.com
246571,odiacalendar.com
246749,off---white.com
246758,offcult.com
246943,ofuronto.com
247443,okkhor52.com
248558,onexplayerstore.com
250220,orientaldream.it
251196,ourdrama.me
251276,outdoorspeelgoed.nl
251364,ovahijau.com
253012,panyoli.com.mx
253024,paokmania.gr
253592,parksplanet.it
254955,pdc-europe.tv
256131,peshawarhcmb.gov.pk
256176,pet.gov.gr
256467,peugeot.hr
257132,phish.net
258068,pinoyalbums.com
258367,pixel-cash.online
258788,planetamilosci.com
259815,pm.ru
260627,polkschoolsfl.com
261631,portalfacilitasp.sp.gov.br
261713,portalunsoft.com.br
261772,portobellousato.it
262657,prefectures-regions.gouv.fr
265614,puritanboard.com
267476,racetothewh.com
270342,reel69.com
270388,referencelinked.com
270396,refinesro.com
272530,rider.live
274419,rovian.ua
275330,rufer.com.br
276406,sacssbb.cl
277488,sampo.com.tw
277736,sanerity.pro
277821,sanitop.pt
278795,savillerow.cl
279709,scolkg.com
281595,sequra.com
283569,shishachic.com
283641,shocksurplus.com
284020,shoppy.mn
284328,shuftipro.com
286267,skek.ru
287144,slottica.com
287975,smprtactical.com
288067,smzdm.com
288668,sodran.se
288725,sofmilitary.co.uk
292812,startquestion.com
292989,stavropol.media
293758,storececotec.it
294761,suema.it
295244,sunnyentps.club
295362,supa.sh
296495,svoa.co.th
297304,szallasvadasz.hu
297637,tableall.com
299255,tbc.net.tw
299735,techbargains.com
300052,tef.or.jp
301256,tetadrogerie.cz
301604,th83h.com
302178,thecoutureclub.com
302545,thehijabcompany.pk
305048,tirsam.com
305722,todobarco.com
308728,treasury.go.th
309145,trinitas.tv
309506,trtworld.com
310609,tuoitrethudo.vn
311884,uairango.com
311977,ubhara.cloud
312995,ukrdz.in.ua
313215,ultrahqporn.com
313796,unforgettablegadgets.com
314448,unitagstore.com
315380,upsigndown.com
316093,usxh.world
316917,valciucentras.lt
317222,vanguardia4.com
317347,vapevo.com
317414,variance-collection.com
319037,vibae.com
319833,vinci-immobilier.com
321687,volunteers.ae
322097,vrxperience.mobi
324382,wee.ge
327559,wpx.ne.jp
327824,wunderdog.com
328487,xdungeon.net
329022,xn--24-6kct3an.xn--p1ai
329345,xn--q3cawb7fc6hd4de.net
329773,xtreamfile.cv
331578,youfibre.com
331769,yoursurprise.de
331781,yourwobb.com
332023,yuanhecar.com.tw
332786,zaro.ar
333508,zigbs.in
335791,abctrack.pl
336291,airbet88pastimaxwin6.xyz
336634,alpha-mail.jp
336829,amugi-support.com
338597,bencaodiaria.club
339221,boboli.it
340821,choothub.com
340928,cinemaraffaello.it
341193,cmarea3.go.th
342676,dhl.pl
343421,dyvys.info
343501,e4l3ss.com
344147,encyklopediateatru.pl
345537,fondir.it
345723,freedomcu.org
346962,gosyo-shop.jp
347782,herculescasino.com
348412,iaf.org.il
350906,klmfirework.com
350957,knyfe.de
352154,lisautama.com
352357,lokriz.hr
352674,m4k8q7.com
352675,m4u.free
353778,metree.co.kr
353962,mimuw.edu.pl
354201,mmg99.com
354236,mobilemona.co.kr
354378,money667.com
354534,motorcyclegear.com
354656,mrbit.ba
355022,mypage-ielove.jp
356623,ordman.co.il
357667,phtc-online.org
358422,prestloans.com
358495,priyom.org
358569,projectmultatuli.org
359487,redehds.com
359536,reicarbh.com.br
360097,rr77md.com
360290,ruyamanga2.com
363927,tennisclubsoft.com
364680,tok-shop.hu
364956,tradecraft.buzz
366818,vs789.com
367383,winnerspublication.com
368901,359kolaybet.com
369762,alfa4dforme.com
369827,alobet585.com
371307,betwild347.com
373442,dewislot77kiw.lol
373454,dgsun.online
374259,emosage.com
374268,enbet382.com
377204,instaabio.com
378429,koalalebaran.com
379964,mclatur.in
380311,missalisha-xjqsufp.work
380990,namazvaktim.tr
381445,nowpanama.net
381503,nusantara4dgacor.top
381982,padisahbet827.com
382871,podsveti.cz
384264,rtpzjscbnn.com
384304,ruofdasjhpidje.top
384816,seosatu.com
386091,surgalotre-k.com
386605,theflixer.tw
386742,ticketsati.com
388087,virusbettr1039.com
388520,wilprizepoolterbesar.com
389040,yflzbdfk.com
389367,007game09.cc
392560,bimaberilmu.com
393309,caaf.cz
393917,checkyourbill.pk
393993,choimix.com
396810,evip3h.com
398385,gin247.co.in
399280,helse-midt.no
400615,jakpat.net
401037,juaexch.com
401199,kaleesuwari.com
401603,kingexch6.com
401770,kms-online.web.id
403043,luminancemilano.com
403315,malay-4d.online
403529,master38-slot.monster
404562,mozart-bett.de
405483,niod.com
405606,northernbolt.co.za
406025,omoda-jaecoo.ro
409356,satu918.net
409370,savevid.to
409532,seasoul.ai
409728,sex18tuoi.com
409784,sg777.app
412072,thehive.ai
412857,trufit.eu
412887,tryhirelief.com
413000,turchanki.link
413770,vegaszone.net
413815,verigram.kz
414314,waeb-168s.com
414354,walygatorparc.com
414456,weather.bg
414547,werkzeug-news.de
414850,wuwm.com
415030,xreddyanna.com
415099,yamadahome.com.tw
415345,za.gl
415760,0penapp.com
416423,1788lu.com
416614,1hi0e1ink0.com
417544,30win15.com
417916,399bet444.com
419458,66rpg.com
421710,a299.me
422624,abschied.at
423140,acgmhm.com
423242,acn.cat
423405,action-karting.fr
426085,ainokotoba1515.com
427041,akvps.store
428123,allbau.de
428931,alqayyumjewellery.com
428994,alshobbies.co.uk
429446,amaou-therapi.jp
429762,americanenglishonline.net
432062,apartmentpermits.com
432442,apostamos.vip
434003,armalife.com.tr
434218,aromaplantbonchis.ro
434395,arsitag.com
434401,arsnouveau.wiki
434641,artiplantes.fr
435789,assystem.com
436242,atet-ricambi.it
436769,aubergegodefroy.com
437238,ausflugsziele.ch
439321,aztechshop.az
440190,bairesplan.com
440840,bangkok191v1.com
441717,basketballforcoaches.com
442231,bazu-goods.com
443857,beneluxxx.com
443898,benhvienk.vn
444057,beracahmedica.mx
445550,bhfcu.com
445638,biba.nl
445889,biferdil.com
446306,bikercompany.cl
446338,bikestore.mk
446748,bintanggol168.online
447330,bitworks.com.sv
447363,bizay.com
447705,blacksafeoutlet.com
447844,blazehosting.com.br
448355,blueorcacoffee.pl
449139,bohocasino.com
449219,bokepindos.cc
450997,brandedwearbyfatima.com
451318,breezes-and-bridges.de
452714,buenobia.ro
453488,bussoladecompra.com.br
453962,byrna.ca
455557,canadiandistributor.ca
457138,carson.com.ua
458956,celima-trebol.com
459732,cett.es
459744,ceuey.com
461146,chicoree.ch
461265,chimeifoodshop.com.tw
461725,christnet.eu
461900,churio807.com
462660,cisi.org
462975,citybuybd.com
463189,ck4s5m.com
464664,cma-formation-bretagne.fr
465220,coda-music.com
465250,codecogs.com
465747,coliriodemacho.com.br
469284,crandalloffice.com
471107,cumberlandcountync.gov
471497,cuwebaruhaz.hu
471659,cybernenas.com
472254,dagensnamnsdag.nu
473096,darkrain.store
476711,diamondsmileteeth.it
476994,dienmaygiakhang.vn
477018,dierencompleet.nl
477115,digicelbusiness.com
477401,dileris.gr
478222,dito.com.br
478667,dm12.to
479359,dokkandb.com
482747,e-craf.com
483367,earlowenb2b.com
485398,efaserra.tec.br
486252,elbilforum.no
488713,ensinandocomcarinho.com.br
489103,epiccosplay.com
491173,eugy.com
491327,eurofaz.com
491330,euroffice.co.uk
491775,everestnewsagency.com
492293,excelpreparation.com
492651,explorelouisiana.com
493664,fairpesa.com
493893,familydeal.com
494323,farmaciasegura.es
494748,fatergroup.com
495130,feanatic.com
495304,fehmarn.de
495490,fenixdb.com
495491,fenixforum.net
495834,feuerwehr.tirol
497688,fixshop.eu
497701,fiyo.be
498139,flexstatonline.net
498291,flitpay.com
498344,flob.com.ua
498459,floresdeocoa.cl
498536,flourandspiceblog.com
498659,flutecenter.com
499153,fomashop.com
499227,fontainebleau.com
499670,foreverlobos.com
501059,freeprojecttv.cyou
502207,fundacionio.com
502492,furnacefilterking.com
503952,ganesha-vip.club
506638,giamdoc.net
507287,gjcity.org
508061,gnbenglish.com
508549,gogreenbills.com
510134,grafea.com
512023,gterp.in
512043,gtmax3d.com.br
512152,guardianeb.com
513038,h2oshop.pl
513698,hamagbicro.hr
514914,havardshares.buzz
515183,hcloud.jp
515899,helenarubinstein.com.tw
515974,hello-pc.net
516177,hemiblurr.com
516279,henry.com.br
517585,hipertextilcavero.com
517644,hiqa.ie
519030,homesale.com
520275,housing-ombudsman.org.uk
520305,houtenmeubeloutlet.nl
520885,hubertusprohunting.pl
521806,hz88-vn01.site
524966,incassa.mx
525111,index.co.cr
525188,indianmoto.it
525751,informatecontusalud.info
526674,institutopensi.org.br
527866,ipsmigc.com
528091,irisimo.lv
528729,isteyapayzeka.ist
529017,itemsobjetos.com
530312,jangroentegels.nl
531320,jeslot88.online
532425,jobwork.com
532724,jojo.co.za
533021,journalauto.com
533378,jsjs7410.com
533650,juimusic.com.tw
533912,juries.vic.gov.au
534038,justifit.be
535605,karinatopup.com
536046,kaushikchandru.com
536182,kayalarplastik.com
536549,keep2porn.com
536741,kelponton.fr
536775,kemifilani.ng
537863,kiero.com.ar
538185,kineticeducation.com.au
538621,kirandulastervezo.hu
539123,klab.lv
539606,knigi-vslukh.ru
540782,kosmetolog.ua
541558,kryalon.store
543682,lakelandgov.net
544279,lanostratv.it
544731,lastminuteengineers.com
547953,ligatangamanga.com
548480,lingvolive.com
551366,lpgwebshop.com
551489,lsmuni.lt
551534,ltde.es
551915,luislarahn.org
552826,m4e.cl
554988,manga-sanctuary.com
555792,mariamargarida.com.br
558321,mddistribuzioni.it
559451,megadeals.lk
559754,mein-wien-apartment.at
560286,mentalnaya-arifmetika.club
561608,mhmarkets.com
562463,milfs30.com
563304,miolo.com.br
563865,mitoshin.co.jp
566340,moodle360.com.br
567123,motorcompleto.com
567433,move4u.com
568128,mrwira8.org
568437,mtco.com
568450,mte-thomson.com.br
570326,mydecora.co.uk
570647,myheart.org.sg
570881,myloansflagstar.com
571636,mytv.best
572437,namespro.ca
574426,nestlink.co.ke
575459,nextpart.ai
576420,nipponfoodsupplies.com.au
577080,nodor.co.kr
577451,nordfjordnett.no
578161,novelbinger.com
578988,nunocoto.com
579188,nutrinfo.com
580103,octagon.com.ph
581207,okosgrill.hu
581295,okwinl.com
581993,omtech.com
583001,onvoip.co.za
583215,openbank.nl
584046,oregonobchod.cz
584839,ossur.com
585495,oval.cl
585518,ovenfreshdelivery.com
585557,overseas-inc.jp
588003,parrocchiemarrubiu.it
588641,paul-schrader.de
588900,paymentxp.com
590756,petrol.hr
592297,pinaysex.com.es
593700,playbets.vip
594515,podeliha.fr
595003,poliklinika-analiza.hr
595352,ponpokonwes.com
596521,power9.com.br
596757,ppsmutual.com.au
597644,primafoods.ltd
597961,printwithme.com
598599,profline.net.ua
598808,proleagues365.com
599128,prosegur.com.co
599293,protestantedigital.com
600642,pv.de
600647,pvahotline.cz
601411,qu4tre.be
601609,quebecmedecin.com
602185,r9ro7k.com
602279,racechip.fr
602352,racingplanetusa.com
602515,radioberg.de
602682,radiorumbos670.com
603111,rajputanaarts.com
603788,rawabihypermarket.com
606223,rentokil.co.uk
606385,repsol.com.mx
606677,restaurant-yamaya.com
607700,rifasdilan.site
607754,rightstore1.com
611553,s-vshorts.top
612037,safetyizn.in
612357,saintseiyapediathen.fr
612574,salaspilsbaseins.lv
612757,salonkee.nl
613642,santak.com
614427,savagex.fr
614436,savannahome.mx
614859,scalant.de
617078,sellfy.com
617905,serviciosflash.com
619448,shinjilgee.mn
619697,shkp.com
619887,shop-pan.com
621434,simatshop.com
623556,slipcovershop.com
623558,slipknot1.com
624140,smartpassport.co.uk
624370,smile-gr.jp
624777,snapengage.com
625120,soc-sushi.ru
626196,sonia.de
626612,soul.com.mx
626931,soyrappi.com.mx
628374,sportsillustrated.de
628706,spw.nl
630042,stclaircounty.org
630300,stephanskirche.at
631222,street-race.org
631959,subuhae.com
633854,svakom.com
634474,swisswatchglobal.com
635168,t2toys.com
635483,tacticalelites.com
637334,tdbank.ca
637728,techfun.hu
638180,tekcollect.com
640311,thebronconation.com
640547,thedevotionals.com.ng
643879,titeschaussettes.com
643999,tkb666whi.com
644560,tohaadesign.com
645618,toptun.pl
646418,toypara.com
646429,toysarenaa.store
646572,trabajas.es
649396,tuinposteropmaat.nl
649698,turismoitaipu.com.br
649788,turnoffroad.com
649858,tusm.ro
649940,tuttoinglese.it
651003,ucoz.ru
651034,uda.edu.vn
652030,umfc-no.ru
653816,urlflix.xyz
653830,urochartehr.com
654532,uvpn.me
655135,vallibelfinance.com
655737,vauban-groupe.fr
656838,veronikaskitchen.com
657773,vieclamcantho.edu.vn
658066,villadeale.fr
658199,vinajapan.com
659025,viski.com
659573,vkqz3jfn.net
660325,voxer.com
661148,waca.ec
661655,warburgpincus.com
661763,warszawa.so.gov.pl
662729,webike.sg
662987,wedrowski.pl
663357,weplay88.me
663629,wetalkie.net
664059,whky.com
664740,windmillsgroup.com
665498,wok.com.co
665980,workingood.com
666821,wwwk7win.com
667452,xj29gj40.com
668472,xx9.com
669409,yerim.net
669577,yizzle.com
669692,ynos.in
670054,youforce.nl
670893,z902lkj3l.com
672134,zileliberelegale.ro
672809,zorgvoorbeter.nl
673096,zvoska.cz
674252,789pqr.com
675915,astonhealth.nhs.uk
676567,bbtn4dkugisaki.com
676821,bertuahpos.com
677087,betwild411.com
677391,bluemovierecords.com
678441,changemakeraward.com
678898,comunidadinsana.com
679550,delta575-qris.com
679903,diponegoro4d-zk.com
680190,dozi415.com
681142,f5794z0u.com
681688,footstreams.xyz
682852,graminloanbd.com
683762,hongdendang.com
684042,ics24.ir
684358,infoquesthub.com
684930,jbartisanssoaps.com
685099,jjh389vv33.com
685197,jokerplayi.xyz
685942,kilauofficial.co
685998,kingsera.com
686717,ledak388-seo.com
687714,makenews.info
688133,mcd.la
689319,n2h9tqb.com
689705,newfilmhouse.com
689850,nikrun.com
690269,oivilipogr.net
690580,oposlotzx.com
690883,pafibanyuasin.store
691241,pampangastateu.edu.ph
691304,papilo99terang.com
691354,parsgrp.com
691574,pelisyaske.com
692448,pragmatic11jpx.live
693344,redirectauth.lat
694224,sapboost.com
694317,sawinenas.net
695362,snos-region.ru
695552,spgtoto898.com
697468,trueqing.com
699744,xoilacke.tv
700384,zkxsifnmcd.com
700522,03pk888.com
700706,123movie.app
701335,33jsuy-da92-1da.com
702023,6777bet222.com
703179,abelfragrance.com
703854,aeautoauction.com
704096,agenhappy777.store
705527,amarelinhoitabuna.com.br
705694,amjaincollege.edu.in
706404,apexfileflow.com
706575,applicationamp.com
707276,arxnxxxxxxxxxhd.rest
708718,b104105.com
710528,betewin163.com
710755,betweb25.com
711475,biznesliga.pl
711869,bmi360.com
712057,bois-colombes.fr
712402,borussiachocolates.com.br
714335,careernet.in
715337,ceramicasud.it
715552,chanakyaindustries.com
716127,ciatrip.com
717182,coinsnb.com
720408,deutschetitten.net
720996,directbuy.com
722566,e-krinus.sch.id
722652,e4up.com
722666,eac.gov
722796,easypaymentsplus.com
723267,edutracer.com
724541,epicwatersgp.com
724757,erwrn8bdz.com
725906,faithor.com
725921,faktoraruhaz.hu
726823,filmyfly.team
726963,finpromodena.it
726980,finzvy.shop
727095,fit4all.cz
731729,grupocpa.com.br
732064,gvbgera.de
732210,hackneygazette.co.uk
732513,hapjesaanhuis.nl
733761,hitorioyakata.or.jp
734357,horskasluzba.cz
734566,hp-fc.de
735164,icefishing-peru.lat
735711,ilmiolink.com
739712,kardeselidernegi.org.tr
740633,king1cjl.vip
740726,kinoger.vip
741182,kobleeh.com
742440,lacteoselpuente.com.ar
742849,larilirio.com.br
743685,levicechocolat.com
744482,livoneo.de
744794,lojaprojetoverao.com.br
745585,luxradio.net
746448,malou.pl
746468,mamabunga.com
746625,manikmobile.com
747848,medicinoeurope.online
748666,mgeveryday.sg
749841,modifiedapps.com
749888,mogogourmet.com.br
750319,mosa.com
753517,nnwots.pl
755396,onlinedraft.com
756402,ozonee.hr
759581,polarisitgroup.com
759828,poreskaupravars.org
761339,puch.ai
763647,retrozone-reloaded.com
764101,rizenwatches.com
764694,rozagorkunov.ru
764927,rtpslot88resmijp8.space
767679,shareinfo.pl
768707,siskusserver.com
768934,skidskytte.se
769181,sladkapohotovost.cz
769738,snakehive.co.uk
769753,snappages.com.br
772465,superprzepis.pl
772688,svenskahemmet.se
772866,sycomhn.com
772986,szkb.ch
774559,thearchivia.com
774566,theastrologyguide.com
776235,tonsilgon.ru
776365,topglobalofficial.store
777256,trofeoboscos.com
777274,tropicalcheese.com
778121,u7pg-guia.com
778160,uauingleza.com.br
778429,uhi.ac.uk
779446,v3755.com
779777,vastravogue.store
780234,vgodmanf.se
781464,vtp-projects.com
782140,websolve.asia
782662,wilout-pay.com
783985,xupertv.mobi
784608,youvimi.com
785281,zlaterezervy.cz
785437,zpskoda.cz
785492,zunigataxservice.org
786407,30min.jp
787437,79ybg81.com
787837,8znw.vip
789546,ak8969951546.com
790078,allindiandjsworld.com
790659,amoslighting.co.uk
791310,apklulu.com
792268,assalamschools.qa
792283,assignmentlah.com
792765,autodelmar.com
793940,barryuelitecamp.com
794396,bearitinmind.org
796354,bmwmontreal.ca
796983,bouttimestudios.com
799144,cconet.com.br
800225,cinefound.com
800675,clipium.net
801766,cottohome.com.tr
802372,cueillettedegally.com
803954,dewata4d-36.xyz
804067,dhangadhikhabar.com
804668,dlfars.ir
805201,dpsdwarka.com
805449,drobaidurrehman.com
805669,dukuntrans.site
806216,ecofieldsfarming.site
806397,educasalud.cl
806538,eg999.games
806775,elearnhcp.ca
807161,emmygift.pl
808700,famaexpressbr.com
809490,filingservices.com
809923,flax.nl
810381,fortunazzo.cl
811722,garuda88vital.org
812566,gillsbuildingsupplies.com
812712,glamgurl.in
813342,goodspeed-store.com
813391,gopicky.com
813450,gotext.ai
813794,gresiktotovip.space
813814,grill-expert.ro
814282,h-bkk.jp
814828,hastahome.se
815895,hobihobihobi777.shop
817270,idipctanjungbalai.org
817676,imamaladham.edu.iq
818114,infolokercikarang.com
818606,ios707.com
819401,jagoan86venus.com
821069,kaboku.or.jp
821467,karirfair.com
822795,kmsauto.info
823770,kyoshoeurope.com
823822,l1s.ir
823976,ladyayse.com
824043,laju22.net
825310,lihinilankaa.com
825917,locnamviet.com
826421,lspsmkn2sukawati.com
826491,lucky101-game.com.pk
826992,macor.com.bo
828717,mediametrie.fr
829067,mellimoveis.com.br
829418,metrofmmusicawards.co.za
829989,mint-outdoor.com
830133,mitchellh.com
830610,momonayama.net
831106,moving.com
831759,muzikdle.com
834407,ntgogo.com
834550,nutripetplan.com
835717,openlightmedia.com
836039,orvenfragrance.com
836987,palazzobet301.com
837450,partneredhealthmedicalcentres.com.au
837734,pbmc.gov.in
837953,pencetbrotap.space
837955,pendaftaran-ikd.digital
839143,platechecker.site
839234,playfishworld.com
840059,portervillecollege.edu
841522,qq188xtp.com
841949,radiomer.uz
842777,redlionfolkclub.com
843168,restutogel.bet
845306,sangathoki89.xyz
846248,sekabikes.com
847333,shopinshopping.com
847749,simple.bio
848256,skymovieshd.tv.in
848832,smptotora.com
849980,squigglegolf.com
851743,t20win0.com
852205,tarazanelor.ro
853505,themay50k.nl
854025,tigertour.com.tw
854988,tourismbank.ir
855304,trawelmart.com
855918,turkifsaclub94.sbs
855945,turkru-tv91.com
856216,u88prov3.com
856443,ug234mau.xyz
856720,undertaleplus.com
857066,upliftloans.com
857274,usezaos.com.br
857506,vaccine4all.jp
857998,vendurotterdam.nl
858244,vicecityspin.net
858415,vigfurniture.com
858706,virtualserver.co.id
859341,vv3vmxkgpr.com
859490,waho.com.in
859783,wbahis405.com
860054,weleda.it
860243,whisk-ivy.com
860558,winqcosmetics.com
862539,zapzeed.net
862737,zeusmenangbet.xyz
