27,allegro.pl
103,booking.com
109,bt.dk
123,chaturbate.com
131,cloud.microsoft
357,lichess.org
384,maynoe.com
420,nbcnews.com
457,otomoto.pl
572,steamcommunity.com
637,vivo.com
654,www.gov.br
815,5movierulz.claims
882,vnsextop1.com
896,videyli.co
903,5movierulz.capital
915,vide.la
953,550909.com
1028,aliexpress.us
2189,kemdiktisaintek.go.id
2291,leroymerlin.it
2292,leroymerlin.pl
4681,adison.co
7512,zalando.fi
7573,nz41.com
7597,api66y.space
8509,motchillkr.fm
17264,finology.in
30112,spidersweb.pl
30211,spox.com
37802,techbang.com
49894,codigo-postal.pt
50500,cuteinternet.com
54253,glavred.info
67105,sunrefre.jp
69442,usf.edu.br
79807,t5x7m0q.com
88318,sohocombat.top
89517,zacatecas.gob.mx
94279,20logam777.com
116079,b8ebkqtk.cc
133105,cathayholdings.com
134501,certini.co.uk
191538,i-doll-osaka.com
207198,kincone.com
354201,mmg99.com
363927,tennisclubsoft.com
543682,lakelandgov.net
619448,shinjilgee.mn
813450,gotext.ai
